Nom;Prenom;Telephone;Email;Role;Nom entreprise
Stevenson;Ashton;05 34 55 34 91;arcu@Donec.net;Président;HARYS
Webster;Daquan;01 63 19 51 79;hendrerit@liberoProin.co.uk;Président;SHAYA GROUP
Johnston;Hyacinth;03 88 17 48 14;purus@enim.co.uk;Président;HASCOET ET ASSOCIES
Hoffman;Zephr;03 21 39 55 58;interdum.Nunc.sollicitudin@tempusrisusDonec.org;Président;SHAYNADIS
Davidson;Beverly;09 00 15 51 28;sapien.gravida@accumsan.org;Président;HASSELBAD FRANCE SAS
Torres;Constance;05 55 28 01 36;imperdiet.erat@semut.org;Président;SHEFOB
Durham;Lee;07 30 13 43 30;mus.Aenean@inconsectetueripsum.org;Président;HATSLAHA AIDA OPERA
Daniels;Melissa;04 09 77 59 33;elit.elit.fermentum@suscipitnonummyFusce.org;Président;SHEMEN
Gaines;Rhea;05 81 21 13 09;gravida.sit@dui.ca;Président;HAUSSMANN AUDIT CONSULTANTS
Briggs;Darius;01 42 83 98 51;consequat@miloremvehicula.co.uk;Président;SHEEN
Rhodes;August;04 92 48 35 03;at@in.com;Président;HAUSSMANN EXECUTIVE SEARCH
Abbott;Forrest;08 60 19 58 60;sit@pharetraQuisque.ca;Président;SHEN NONG
Cardenas;Jemima;04 79 33 74 65;Cras.pellentesque.Sed@amet.edu;Président;HAUSSMANN SERVICES DE SANTE
Rollins;Louis;06 53 22 21 72;dolor.egestas.rhoncus@Aeneaneuismodmauris.ca;Président;SHENKUO BUSINESS PARTNERS
Sloan;John;08 40 78 72 79;magna.Lorem.ipsum@ut.ca;Président;HAUT COMME 3 POMMES
Wilkins;Rama;04 89 76 20 66;magna@hendrerit.com;Président;SHEPALI
Barnett;Zephania;01 69 34 39 05;eu@faucibusleoin.co.uk;Président;HAUTES ETUDES APPLIQUEES DU DROIT (HEAD)
Henry;Vernon;07 52 27 15 60;odio.Nam@arcuVestibulumut.com;Président;SHERFI SAS
Payne;Ori;04 65 47 35 57;non.ante@sempereratin.org;Président;HAVRE TRONCHET
Herring;Bernard;03 60 67 69 49;mauris.sagittis@aultriciesadipiscing.com;Président;SHERPA - SOCIETE DES HOTELS ECONOMIQUES DE LA REGION PARISIENNE
Obrien;Thor;06 28 93 78 90;Pellentesque.habitant@quam.edu;Président;HAWAI IVRY
Guthrie;Chadwick;09 29 07 70 57;dui@ametmetus.edu;Président;HAWAII
Donaldson;Damian;05 34 62 34 28;accumsan@velit.co.uk;Président;SHIGERU BAN ARCHITECTS EUROPE
Bauer;Abraham;03 42 23 89 08;diam.eu@vitaealiquetnec.edu;Président;SHINETIME
Jacobson;Beck;01 88 92 23 98;egestas.ligula@telluslorem.net;Président;HAXO EXOTIQUE
Baker;Deanna;08 84 62 17 23;a@scelerisqueloremipsum.org;Président;SHINICHI
Mckenzie;Thomas;01 03 57 78 61;ut.mi.Duis@risusDonec.edu;Président;HAXO-BLUN
Baldwin;Daphne;08 13 76 66 70;pellentesque@bibendumullamcorper.org;Président;SHINIE
Adams;Garrison;02 03 05 84 04;nascetur@Aeneanegetmagna.org;Président;HAY
Strong;Cherokee;03 43 24 28 80;Duis@turpisIncondimentum.org;Président;SHINSEGAE POIRET
Jarvis;Freya;03 62 37 24 82;dolor@pedeultrices.org;Président;HAAYA
Morin;Henry;01 48 62 73 55;pellentesque@vel.com;Président;SHINZO AND CO
Foley;Colt;07 52 80 73 87;sit.amet.dapibus@tristique.ca;Président;HAYS FINANCE CO
Jarvis;Hayley;06 68 25 67 21;tincidunt.Donec.vitae@urna.org;Président;SHIPLEADER RETURNS
Ray;Alexa;03 11 94 43 13;ligula.eu@sociis.edu;Président;HAYS MEDIAS
Mccall;Olivia;09 72 88 18 54;eu.ligula.Aenean@diamatpretium.edu;Président;SHIPTON & HENEAGE
Arnold;Demetrius;05 92 36 59 15;at.arcu@enim.org;Président;HAYS PHARMA TECHNOLOGY CONSULTING
Perkins;Felix;08 63 83 11 79;nisi@pellentesque.ca;Président;SHIRO
Sanchez;Quinn;05 12 98 65 50;vestibulum.nec@ante.com;Président;HAZAR
Leach;Cooper;03 23 22 85 54;magnis@Proinsed.com;Président;SHIRYU
Mckay;Jason;03 98 07 60 15;Cras.pellentesque.Sed@Innec.edu;Président;HB 75
Santos;Catherine;09 33 34 40 82;in.felis.Nutlla@Pellentesquehabitant.com;Président;SHIVA GROUPE
Blackwell;Paula;02 42 25 94 28;iaculis.lacus@Duissitamet.net;Président;HB DIFFUSION
Campos;Kasimir;08 82 83 24 64;posuere.at@tempordiam.ca;Président;SHIVAS
Lucas;Shaine;02 93 65 47 97;Duis@fringillapurus.co.uk;Président;HBAC
Burnett;Aristotle;06 55 22 62 86;Pellentesque.habitant@musProin.co.uk;Président;SHOC
Cline;Adrian;05 76 05 88 18;laoreet.libero@Donecluctusaliquet.edu;Président;HBC LEGAL
Hunter;Quemby;08 94 28 42 34;leo.elementum.sem@ametmassaQuisque.edu;Président;SHOJI HOME
Roberson;Gabriel;02 85 10 38 06;porttitor.vulputate.posuere@Sedeu.ca;Président;HBE
Pitts;Zahir;03 38 75 71 81;arcu.Nunc.mauris@arcuiaculisenim.ca;Président;SHOP IN STORE
Finley;Ina;07 64 40 52 81;in@Donectempus.com;Président;HBH COMMUNICATION
Tate;Flynn;07 92 26 03 18;pharetra@orcilacus.com;Président;SHOP SOUVENIRS
Dunlap;Brett;04 34 41 78 11;Pellentesque@vehiculaaliquet.ca;Président;HBHM
Talley;Cathleen;04 25 28 88 78;quam.a.felis@Sedcongue.org;Président;SHORTLINKS
Travis;Cara;05 27 95 21 98;dui.semper@molestiedapibus.edu;Président;HBL CONSEIL
Harrell;Derek;09 84 86 36 50;semper@netusetmalesuada.ca;Président;SHOVO PARVEZ
Bean;Xerxes;01 17 66 17 38;amet.faucibus.ut@lectusNullam.net;Président;HCT
Pope;Ryder;03 63 01 02 31;ac.risus.Morbi@sitamet.co.uk;Président;SHOWROOM 11 ROYALE
Blankenship;Ruth;01 36 27 93 05;diam.vel.arcu@tempusscelerisque.net;Président;HCH 588
Taylor;Emery;04 98 13 06 68;amet.lorem.semper@tristique.co.uk;Président;SHOWROOM BLB
Mcintyre;Kylynn;06 06 25 37 84;molestie.in.tempus@massa.co.uk;Président;HCP PACKAGING FRANCE
Schultz;Jermaine;03 79 96 46 97;mauris@a.org;Président;SHUN JI
Lewis;Xyla;01 87 07 19 01;odio.Phasellus@pharetra.co.uk;Président;HDA
Nielsen;Lydia;04 46 20 20 03;Phasellus.dolor.elit@pedeblanditcongue.net;Président;SIA HOLDING CO
Pierce;Marshall;04 01 78 91 70;semper.tellus@iaculisenim.net;Président;HDF BEAUTY
Donaldson;Zelenia;09 27 32 89 09;libero.Proin.sed@vitaeposuere.edu;Président;SIACKHASONE FRERES
Christensen;Oprah;08 70 58 55 10;Integer@vitaesemperegestas.ca;Président;HDF PARA
Pugh;Xander;05 18 87 86 66;tempor@sedpedeCum.net;Président;SIAE
Porter;Jordan;01 28 39 31 27;vestibulum.neque.sed@porttitorvulputate.com;Président;HDN
Long;Charde;08 66 35 09 45;consectetuer.adipiscing@enimnectempus.net;Président;HDN
Mercado;Elmo;02 91 47 14 20;vulputate@orci.co.uk;Président;SIB FRANCE SYSTEME INFORMATIQ BUREAUTIQ
Baker;Xantha;04 50 50 01 58;Sed.congue@nisiCumsociis.edu;Président;SIBIOTECH
Donovan;TaShya;09 16 73 12 78;malesuada@Nam.edu;Président;HDS
Blanchard;Kalia;01 59 86 10 27;commodo.auctor.velit@parturient.com;Président;SIBM
Bird;August;02 06 79 06 93;risus.Duis@malesuadavelconvallis.edu;Président;HDW SEC
Walton;Davis;01 14 77 73 33;arcu.ac.orci@nibhsitamet.net;Président;SICARA
Abbott;Geoffrey;03 58 99 64 62;id@Maurisnondui.com;Président;HEALTH AND BIOTECH FRANCE (H & B FRANCE)
Brock;Alice;05 35 73 61 22;morbi@antedictummi.com;Président;SICASOV
Meyers;Giselle;05 89 58 35 46;montes@Pellentesque.net;Président;HEALTH CITY FRANCE
Miranda;Valentine;04 22 18 58 25;Cras.vulputate@loremac.ca;Président;SICASS EUROPE
Lindsay;Stacy;02 35 12 17 02;mollis.lectus.pede@feugiat.edu;Président;HEALTH CONSULTING SERVICES INTERNATIONAL
Welch;Susan;05 77 31 91 43;Integer@pellentesquea.org;Président;SICCA IDF
Quinn;Thaddeus;02 41 08 95 55;euismod@necmalesuadaut.edu;Président;HEAT
Guerrero;Harriet;03 57 75 42 20;Quisque.porttitor.eros@fringillaporttitorvulputate.com;Président;SICNL
Chaney;Jacob;06 63 47 79 53;Curabitur.egestas.nunc@imperdiet.co.uk;Président;HEATALY
Conner;Steel;04 26 96 91 95;Quisque.tincidunt.pede@natoquepenatibus.net;Président;SIDIESE
Bradford;Sybill;06 91 24 25 71;lectus.Cum.sociis@enimcondimentumeget.ca;Président;HEAVEN
Barton;Belle;04 89 18 16 79;ipsum.Curabitur.consequat@tortordictum.com;Président;SIEL
Singleton;Merritt;04 33 51 74 34;vel.vulputate@Duiselementum.com;Président;HECHT FRANCE
Spears;Heidi;04 89 82 89 96;quam@ProinmiAliquam.edu;Président;SIEN
Terrell;Whitney;02 55 61 96 87;amet.ornare@felis.co.uk;Président;HEDEOS
Finley;Courtney;05 79 24 27 42;convallis.ligula@justonec.com;Président;HEDIOS PATRIMOINE
Garner;Keelie;08 93 23 69 40;ipsum.cursus@estmaurisrhoncus.com;Président;SIERRA-NET
Welch;Ashton;08 41 70 24 02;placerat@elementumat.org;Président;SIGEM
Mckay;Ross;07 58 73 86 06;imperdiet.non.vestibulum@nectempusmauris.ca;Président;HEFEED
Adams;Vladimir;06 67 99 42 68;tempor.est@metusVivamuseuismod.org;Président;SIGHTLINE
Mclaughlin;Quentin;05 13 23 99 66;magnis.dis@Crasdolor.org;Président;HEIMDAL
Conner;Quon;02 01 67 10 34;nisl@aultriciesadipiscing.edu;Président;SIGN SERVCES
Pacheco;Jamalia;09 44 08 45 03;diam.dictum@eudolor.org;Président;HELENE FRIECOUT EURL D ARCHITECTURE
Romero;Germane;06 46 40 53 89;est.mollis.non@dapibusgravidaAliquam.net;Président;SIGNATURGERMAIN DES PRES SARL
Landry;Mercedes;05 44 39 89 64;sollicitudin@ac.com;Président;HELENE K -  GAINVILLE
Mitchell;Paula;08 65 48 48 96;In@orci.org;Président;SIGNATURE
Dunlap;Roanna;05 93 93 72 84;et@aliquet.net;Président;HELIODORES
Wade;Eaton;09 96 35 71 58;magna@inconsectetuer.net;Président;SIGNATURS
Mann;Brent;07 89 33 35 33;libero.Morbi.accumsan@Craseutellus.org;Président;HELIONWOOD
Robinson;Linus;03 81 13 78 30;nulla@non.ca;Président;SIGNES
Dominguez;Fritz;06 32 80 56 03;eu@urnasuscipit.org;Président;HELIOPROD METHANISATION
Griffin;Ashton;01 49 49 33 60;blandit@gravidaAliquam.org;Président;SIGT
Buckley;Otto;06 46 92 14 02;sed.pede@fermentum.edu;Président;HELIOSSE
Joyner;Whilemina;04 59 43 63 01;rutrum.eu@Quisque.ca;Président;SILANES
Hancock;Geoffrey;01 24 99 21 50;mauris.aliquam.eu@ategestas.co.uk;Président;HELILUM
Webster;Hunter;05 22 13 42 19;scelerisque@pedenec.co.uk;Président;SILENT
Buck;Kenyon;08 40 94 30 05;non@ut.org;Président;HELLEBORE
Mullen;Maxine;03 33 89 05 87;magna@velesttempor.net;Président;SILIAS TRADING
Kinney;Macon;05 36 24 20 42;nisi.Mauris.nulla@seddolor.com;Président;HELLIN SEBBAG ARCHITECTES ASSOCIES
Bird;Aidan;06 32 98 12 76;scelerisque.neque.sed@sagittisDuis.com;Président;SILIGENCE
Klein;Lunea;06 87 48 80 53;tempus.non.lacinia@ipsumdolor.org;Président;HELLMA FRANCE
Cantu;Nolan;03 07 60 55 86;urna.Nullam@vitaenibhDonec.edu;Président;SILLAGE DISTRIBUTION SARL
Jarvis;Vincent;06 22 24 68 72;consequat.purus.Maecenas@maurisSuspendissealiquet.ca;Président;HELLO TOMORROW
Herrera;MacKenzie;07 50 31 09 36;rhoncus@Sed.com;Président;HELLOHIKIMORI
Short;Sydney;04 34 01 47 97;vel@Nunc.com;Président;HELOENCE
Harrison;Indira;08 43 30 63 34;ac.eleifend@ligulaNullamenim.ca;Président;HELVET UNDERGROUND
Hickman;Henry;01 32 41 49 37;varius@nequeInornare.net;Président;HEMERA DIGITAL CONSULTING
Fulton;Murphy;05 87 55 32 07;nisi@Phasellus.ca;Président;SI-LOGISM
Strong;Uriah;04 41 21 64 47;neque.tellus.imperdiet@Inat.edu;Président;SILOM GROUP SARL
Sears;Maile;08 45 61 20 67;rhoncus.id.mollis@vel.org;Président;SILTEC
Beasley;Lamar;06 25 44 21 35;id@imperdiet.org;Président;SILVER CREEK
Prince;Kareem;02 03 77 60 01;molestie.sodales.Mauris@sapienNunc.org;Président;SILVER VOYAGES
Davidson;Ira;05 26 70 03 64;sodales.nisi.magna@dui.edu;Président;HENDI ET HENDI
Carter;Paul;07 67 38 23 64;risus.Donec@elementum.org;Président;SILVYA TERRADE PARIS CHAMPS ELYSEES
Henson;Demetria;08 04 23 65 52;metus@ullamcorper.com;Président;HENG SHENG
Melton;Casey;08 85 00 05 08;posuere.cubilia@erat.edu;Président;SIM BATI DECO
Mccormick;Xaviera;04 13 66 96 40;sodales.elit@justositamet.co.uk;Président;HENNESSEN ET CIE SAS
Briggs;Dale;02 90 68 00 24;Donec@aliquetvelvulputate.com;Président;SIM DES PEUPLIERS
Kim;Drew;03 93 76 61 90;adipiscing.elit@arcuacorci.org;Président;HENNIG ARCHITECTES
Castillo;Tyler;07 44 04 38 14;Sed.auctor.odio@ipsumCurabiturconsequat.com;Président;SIM H
Turner;Signe;09 12 06 63 41;nascetur@convallisincursus.com;Président;HENRAT ET GARIN
Clarke;Ryan;04 96 00 05 54;cursus.in.hendrerit@mollisdui.ca;Président;SIMAPA SASU
Raymond;Abraham;01 29 58 69 08;amet.consectetuer.adipiscing@elitsedconsequat.org;Président;HENRIOT DECO
Robles;Brenden;08 90 41 37 78;sociis.natoque@arcuVestibulum.edu;Président;SIMAR
Patrick;Griffin;03 81 71 54 46;amet.dapibus.id@doloregestas.net;Président;HENRIQUE ENKO
Gaines;Alvin;08 98 62 06 40;neque@ut.com;Président;SIMBAP
Gonzalez;Chloe;08 74 50 10 79;ultrices.a@tinciduntnuncac.org;Président;HERACLES AVOCATS
Conway;Morgan;07 12 30 12 96;velit.dui.semper@Etiamimperdietdictum.edu;Président;SIMFLEUR DEVELOPPEMENT
Hicks;Azalia;06 04 51 27 32;risus@eu.ca;Président;HERACLES DEVELOPPEMENT
Nash;Brody;07 46 13 99 67;dolor.Nulla.semper@etultricesposuere.ca;Président;SIMONE
Chaney;Eagan;09 51 67 92 02;enim.Nunc.ut@in.com;Président;HERACLES INVESTISSEMENT
Pope;Stacey;06 76 03 41 33;aliquam.eu.accumsan@dui.com;Président;SIMONE 3
Levine;Brendan;06 65 01 19 27;tortor.Integer@nonegestas.com;Président;HERALIS MARKETING
Quinn;Tanner;08 17 30 94 07;dolor@non.org;Président;SIMPLE ENGINEERING FRANCE
Mcknight;Drew;09 26 71 42 62;Proin.eget@sitametrisus.edu;Président;HERBORISA NATURA
Kinney;Yolanda;07 87 75 54 67;diam.Proin@lectus.org;Président;SIMR
Hatfield;Cynthia;07 32 35 21 78;vulputate.ullamcorper@Suspendissetristique.com;Président;HERBORISTERIE DU PALAIS ROYAL
Nash;Inga;07 90 85 01 96;cursus.diam@turpisNulla.com;Président;SIMTEX
Hahn;Gareth;01 73 83 82 18;Vivamus@aliquetliberoInteger.net;Président;HERITAGE COLLECTION
Powell;Teegan;04 46 30 10 98;quam.vel@PhasellusnullaInteger.net;Président;SIN REJAC
Herman;Amal;04 40 64 29 07;iaculis.nec@magnaSuspendisse.co.uk;Président;HERMINEA FINANCE
Bates;Luke;08 58 80 19 32;mauris@pellentesque.org;Président;SINALYS
Harper;Kessie;04 98 57 36 96;non.massa.non@Phasellus.com;Président;HERMITAGE
Hansen;Maryam;02 78 13 98 73;Morbi.sit.amet@sitamet.net;Président;SINDOU FAURIE PLANSON ET ASSOCIES
Hodges;Anastasia;02 43 36 10 12;lorem.ut@Quisqueimperdieterat.co.uk;Président;HERTZOG - ZIBI - RUFF & ASSOCIES
Johnson;Reuben;03 73 87 64 37;ultrices.posuere.cubilia@sapiencursusin.ca;Président;SINENOVE
Kirkland;Blake;01 56 61 41 48;mollis.non@vehiculaPellentesquetincidunt.edu;Président;HERVE LABEILLE ET ASSOCIES
Cline;Dorian;04 63 04 65 14;ac.facilisis.facilisis@nonlaciniaat.net;Président;SINGEL
Ortiz;Xander;06 99 47 38 17;ligula.Nullam@Aliquamnisl.org;Président;HERVE MARTIN ET NICOLAS PHILIPPOT, NOTAIRES ASSOCIES D'UNE SOCIETE CIVILE PROFESSIONNELLE, TITULAIRE D'UN OFFICE...
Bruce;Desirae;06 35 33 69 34;Phasellus.in@adipiscingMauris.co.uk;Président;SINGER & HAMILTON
Rasmussen;Cruz;05 99 28 79 89;Cum.sociis@Cras.com;Président;HERVE MINIOU CONSEIL ET COMPTABILITE
Cochran;Dennis;05 71 18 59 40;Nunc@Duisa.edu;Président;HERVE ROUET, SANDRINE MACET, HUISSIERS DE JUSTICE
Reeves;Lisandra;08 44 91 29 31;non.ante@Suspendissetristiqueneque.net;Président;HERVIEU - FOLLACCI SAS
Mccall;Shellie;03 30 12 52 03;dui.Fusce.aliquam@euultrices.org;Président;HESPERIA DEVELOPPEMENT
Dejesus;Jason;04 64 76 69 11;Etiam@senectusetnetus.edu;Président;HESPERIE CONSEIL
Russell;Camilla;09 90 63 96 41;egestas@Loremipsum.edu;Président;HESSEM
Miranda;Hollee;03 54 50 48 54;lorem.semper.auctor@Donectempus.org;Président;HEVEA FRANCE
Hudson;Wanda;05 84 85 78 38;Pellentesque@sed.edu;Président;HEXAMEDIA
Phelps;Nicholas;07 28 41 15 08;nibh.lacinia.orci@faucibusMorbi.com;Président;SINGER AVOCATS
Fletcher;Armando;04 75 59 34 08;Lorem@luctuslobortisClass.net;Président;SINGH GSM
Franks;Rosalyn;07 39 01 01 90;massa@enim.net;Président;SINNY & OOKO
Lee;Gage;02 36 69 00 25;blandit.congue.In@sagittislobortismauris.edu;Président;SINOLOGIE
Haynes;Iola;03 33 16 00 05;purus.ac@penatibusetmagnis.com;Président;SINORAMA
Wooten;Craig;03 11 54 89 52;dictum.ultricies.ligula@placerataugue.co.uk;Président;SINORAMA VOYAGES
Mercer;Jelani;07 67 08 91 34;tempus.lorem@urnaVivamusmolestie.ca;Président;SINTIMEX
Merrill;Harlan;03 88 45 64 66;sagittis.semper@Cras.co.uk;Président;SIOUXE
Oneal;Gisela;09 62 26 71 40;Proin@erat.ca;Président;HEXAMODE
Delaney;Signe;02 39 89 03 03;aliquet.metus@nunc.org;Président;SIPEST
Goodman;Quinn;02 91 17 97 47;aliquet.diam@acmattisvelit.org;Président;HEYMANN RENOULT ASSOC
Conrad;Elijah;09 05 11 96 15;venenatis.a.magna@tempordiamdictum.co.uk;Président;SIRAM
Warner;Fleur;01 58 97 37 33;id.ante.Nunc@sociisnatoque.co.uk;Président;HFCA
Boyd;Melvin;06 16 25 48 83;facilisis.magna@ullamcorperDuiscursus.co.uk;Président;SIRCA
Nieves;Yvonne;09 88 04 86 11;malesuada.fames@uterosnon.net;Président;HG CONSEIL
Mcgowan;Hilel;05 52 76 75 75;ligula.elit@dignissimmagnaa.com;Président;SIRENNES ESTHETIQUE
Becker;Barclay;03 83 10 26 39;non@enim.co.uk;Président;HG SARO
Dejesus;Nerea;05 18 50 80 84;Ut.tincidunt@Maurisut.net;Président;SIRKAM
Lara;Perry;09 19 27 32 97;In.nec@arcuSed.ca;Président;4DCELL
Montoya;Kylynn;09 73 42 63 54;taciti@velvenenatisvel.com;Président;HH FRANCE
Whitley;Amethyst;02 09 75 18 78;arcu.Curabitur@elementum.co.uk;Président;SIRTEG
Hammond;Talon;07 37 90 51 44;quam.vel.sapien@consectetueripsumnunc.net;Président;4M CONSULTING
Ochoa;Bianca;09 87 50 68 01;augue.id@ipsumleoelementum.com;Président;HHP
Hughes;Amena;05 22 64 89 76;amet@enim.com;Président;SIS CREARGIE SA
Benjamin;Macon;09 53 21 36 42;convallis.ligula@cursusdiamat.edu;Président;5 LA VIE
Kelley;Isaiah;09 08 24 00 60;sollicitudin.adipiscing@velmauris.org;Président;HI   TECH
Griffin;Zelda;02 46 75 52 25;ac.turpis.egestas@vulputate.ca;Président;SISSO 360
Henderson;Zenaida;01 86 71 58 03;sit@eulacusQuisque.edu;Président;50 PARTNERS GESTION
Mayer;Nero;06 29 01 15 23;mattis@dis.org;Président;HIBANA LIVE
Cleveland;Nicole;06 07 51 93 06;egestas.rhoncus@neque.org;Président;SISSYA
Kemp;Ishmael;02 97 58 79 64;dapibus@vestibulum.ca;Président;55 MEDISPA
Ortega;Ezra;09 32 37 03 96;cursus.a.enim@etnetuset.ca;Président;HICAREX
Phillips;Rina;04 62 39 10 32;Donec.felis.orci@tincidunt.com;Président;SISTBP
Tillman;John;04 13 70 74 75;mauris.a@Proin.edu;Président;5H55
Mcconnell;Quynn;08 16 75 72 34;neque@pedenonummy.com;Président;HICKORY 2
Phillips;Medge;07 23 02 44 45;sociis@Donecat.ca;Président;SISTHERESA
Dalton;Samuel;01 39 95 20 26;Aenean@bibendumfermentummetus.com;Président;60 W CONSULTING
Hicks;Ursula;03 85 34 73 78;ac.facilisis.facilisis@lacus.com;Président;HICKORY CONSEIL
Spears;Camilla;03 83 44 20 34;dui@Nullamutnisi.edu;Président;SITEXPO EXPLOITATION
Buck;Stephen;07 61 77 55 13;lectus.justo@habitantmorbitristique.org;Président;6-24 HOLDING
Best;Kylan;01 81 99 87 37;et.ipsum.cursus@elitpharetra.co.uk;Président;HIDOUCHE DISTRIBUTION
Key;Carissa;07 36 93 03 93;adipiscing.fringilla@eratvitae.org;Président;SIVAN DISTRIBUTION
Adams;Beatrice;06 23 30 46 44;In.lorem.Donec@facilisisegetipsum.co.uk;Président;65 RUISSEAU
Little;McKenzie;09 19 32 71 06;semper.tellus@senectuset.ca;Président;HIFIBIO
Rowland;Rebekah;09 51 97 79 72;Nullam.scelerisque@fermentumvelmauris.net;Président;SIVP DENT STE INTERNAT VENT PROT DENT
Owens;Chadwick;04 47 10 15 80;congue@acliberonec.org;Président;6A CAPITAL & CONSEIL
Scott;Keelie;02 20 04 11 57;neque.vitae@gravidanunc.co.uk;Président;HIGH ART
David;Kibo;05 38 69 69 04;Proin.vel@lectusrutrumurna.ca;Président;SIZMEK
Rojas;Lewis;03 87 12 01 63;diam.at@gravida.ca;Président;6WWW
Pierce;Florence;02 94 79 81 11;ac@eleifendvitae.co.uk;Président;HIGH BRIDGE & CO
Vega;Ila;09 10 49 47 80;consequat@diam.edu;Président;SJMC
Duke;Marsden;04 10 52 88 84;dictum@ridiculus.org;Président;7 EXPERTISE
Mcbride;McKenzie;08 14 00 55 03;volutpat.Nulla@nequevenenatislacus.org;Président;HIGH FLYERS AGENCY
Woodard;Raymond;06 23 17 69 78;aliquam.eu@tellussemmollis.net;Président;SK CONCEPT
Drake;Quin;04 15 94 94 33;nisl.arcu.iaculis@ligulaAenean.org;Président;711RENT PARIS
Gentry;Iris;07 26 06 82 23;tellus.Suspendisse@ornare.org;Président;HIGHFIELDS INVESTMENTS LIMITED
Hancock;Julian;04 30 44 88 58;dictum@magna.co.uk;Président;SKAG
Mendez;Callie;01 68 56 71 55;a@enimnisl.edu;Président;75,FAUBOURG
Blair;Dana;07 59 70 22 12;ipsum@feugiatplacerat.co.uk;Président;HIGH-LINE
Padilla;Lucian;02 09 35 54 34;non.lobortis.quis@egetdictumplacerat.com;Président;SKETCHFAB
Becker;Sydnee;09 98 05 73 30;magna@nuncQuisque.com;Président;7C
Hill;Rana;09 59 95 78 16;et.magnis.dis@tellusimperdiet.com;Président;HIGHSYS
Buchanan;Griffith;07 63 21 72 57;Nulla.semper.tellus@Donecconsectetuermauris.co.uk;Président;SKILL FINANCE
Lancaster;Rigel;05 89 44 03 37;dolor.vitae.dolor@habitantmorbitristique.net;Président;7FACTORY
Banks;Chancellor;01 60 66 55 51;eu@Sedpharetrafelis.net;Président;HIMERO FINANCES
Whitley;Asher;09 06 80 17 45;diam.Proin.dolor@Vestibulumanteipsum.edu;Président;SKILLCAPITAL SARL
Nixon;Naida;01 65 86 00 18;egestas.lacinia@Fusce.com;Président;7MOBILE
Maldonado;Kareem;09 38 10 71 03;pellentesque.Sed@tristiquepellentesquetellus.net;Président;HINOLISARI SUCCESS
Ferrell;Lionel;01 38 55 22 88;ultrices@nislNulla.com;Président;SKY DIS
Merritt;Phyllis;02 27 40 20 64;aliquet.Proin.velit@rutrumurna.co.uk;Président;8 OPERA
Aguirre;Iola;09 20 56 29 39;nibh.sit.amet@nonmagnaNam.org;Président;HIPPOCAMPE FRANCE
Chen;Mary;01 46 75 36 04;arcu@nec.edu;Président;SKYBOARD
Stephenson;Cameron;08 98 51 48 39;mi.tempor.lorem@ategestasa.org;Président;8EME CONTINENT
Richardson;Samantha;03 98 84 79 74;nascetur@Pellentesquehabitant.org;Président;HIRED TALENT MARKETPLACE FRANCE SAS
Trevino;Ava;06 39 47 14 50;risus.a@acfermentum.edu;Président;SKYCABIN
Chase;Oscar;08 96 64 72 31;Aliquam.tincidunt.nunc@risus.edu;Président;9HOTEL
Nelson;Elliott;07 98 33 15 67;lacus.pede@et.ca;Président;HIS INTERNATIONAL TOURS FRANCE
Bolton;Travis;05 26 42 27 51;imperdiet.erat.nonummy@venenatislacus.net;Président;SKYWORKS SEMICONDUCTOR
Barnes;Sandra;02 51 26 12 54;Nunc@lectusjustoeu.org;Président;9HOTEL BASTILLE LYON
Osborne;Giselle;07 73 71 97 16;felis.orci.adipiscing@sodaleselit.edu;Président;HISADA FRANCE
Larsen;Miranda;06 20 33 82 13;id.enim@eros.com;Président;SL CORNER
Larson;Benedict;05 90 38 71 59;eros.Proin.ultrices@turpisnecmauris.org;Président;9HOTEL OPERA
Britt;Jason;04 58 36 77 87;iaculis@antebibendum.edu;Président;HISTOIRE ET COLLECTIONS
Norton;Hakeem;07 35 93 64 85;dignissim@Cras.ca;Président;SL PARTNER
Garner;Noelani;01 95 65 11 85;lacinia.orci@orci.com;Président;9HOTEL REPUBLIQUE
Nunez;Cassady;03 80 45 49 95;turpis@ipsumsodalespurus.org;Président;HISTORY GROUP
Cabrera;Susan;08 21 13 72 00;luctus@nondapibus.co.uk;Président;SLALEY-JMR
Gibson;Keane;06 84 51 04 35;Phasellus.at.augue@mollis.ca;Président;A & E
Matthews;Tad;07 69 10 90 87;ridiculus.mus.Donec@Quisqueornaretortor.edu;Président;HITTITE MICROWAVE
Ramos;Drew;05 37 63 69 45;diam@estarcu.co.uk;Président;SLC LES PARISIENNES
Rivers;Xavier;06 05 01 10 13;adipiscing.Mauris.molestie@Craseget.co.uk;Président;A & F PROJECTS
Gonzalez;Lewis;08 30 33 30 53;vel@acsemut.co.uk;Président;HK DISTRIBUTION
Gould;Cade;07 84 09 05 42;ut.dolor.dapibus@fermentum.org;Président;SLIDE WASH
Mercer;Camden;06 50 79 68 81;rhoncus@pedemalesuada.ca;Président;A 12
Shaffer;Kennan;09 49 44 57 29;at@Nullam.com;Président;HKW
Brock;Regina;03 77 68 77 23;mus.Aenean@Fusce.org;Président;SLJ COHEN
Fleming;Zelda;02 38 85 79 09;magna.sed@aliquetvel.org;Président;A 19 ARCHITECTURE
Stewart;Stewart;05 00 27 44 67;Pellentesque@accumsaninterdumlibero.net;Président;HL COSMETICS
Byers;Dominic;03 96 20 12 20;non@Suspendissetristiqueneque.org;Président;SLJ DISTRIBUTION
Osborn;Iliana;02 69 42 76 46;lobortis@necmetusfacilisis.com;Président;A 4 CONSEILS
Bradshaw;Indira;07 45 20 17 12;metus.Aliquam.erat@mauriseu.org;Président;HL PRODUCTION
Waters;Oprah;04 83 49 71 64;imperdiet.non.vestibulum@massa.edu;Président;SLOCLAP
Evans;Ariana;08 91 45 39 43;egestas.Duis@tristiquealiquet.edu;Président;HLA ET MEDECINE
Bolton;Ryder;07 41 76 04 48;vel@semconsequatnec.co.uk;Président;SLOOP COMMUNICATION
Watkins;Montana;08 80 67 23 02;porttitor@Maecenaslibero.co.uk;Président;HLD CONSEILS
Calderon;Louis;02 82 74 11 40;non.vestibulum.nec@etrutrumeu.com;Président;SLOWARES
Gamble;Suki;09 01 99 54 43;sed.dolor.Fusce@tempor.edu;Président;HLDG
Santos;Adam;03 76 72 62 64;amet.lorem@estac.com;Président;SLPV ANALYTICS
Terry;Lewis;06 03 89 19 28;ornare@volutpat.net;Président;HMB - BDA
Frank;Selma;03 65 79 49 75;vulputate.ullamcorper.magna@vehiculaaliquet.com;Président;SLRL PHILIPPE JEAN-PIMOR
Gibson;Oliver;05 48 46 45 10;nascetur.ridiculus@acorciUt.co.uk;Président;HMC CONCEPTION ETUDES TECHNIQUES
Duncan;Rebecca;06 81 19 10 51;id@Praesenteunulla.ca;Président;HMG FINANCE
George;Kai;08 09 62 41 32;torquent@risusat.edu;Président;HMM BATIMENT
Hicks;Chancellor;02 67 74 14 54;mauris.sapien@quamafelis.co.uk;Président;HN6 ACTIVE
Rice;Uriel;05 87 84 07 25;ligula@sempercursusInteger.net;Président;HOBBS
Leach;Hayden;04 68 43 31 06;sollicitudin.orci@semper.org;Président;HOBBY 1
Valenzuela;Tyler;01 95 70 91 28;ac.orci@auctornuncnulla.co.uk;Président;SM CONTACT
Hoffman;Gisela;02 56 66 60 54;Morbi.metus@leo.co.uk;Président;SMALL GALLERY
Woodward;Uta;02 61 33 80 60;Etiam@nectempus.com;Président;SMALL IS BIGGER
Hicks;Ruby;03 29 47 35 72;eu.accumsan@convallisante.co.uk;Président;SMALL PLANET
Hutchinson;Colorado;09 54 31 75 87;Duis@Nullaeu.com;Président;SMART DIS
Perez;Wendy;05 42 09 18 94;pharetra.sed@ascelerisquesed.ca;Président;SMART ENERGIES
Santiago;Donovan;08 32 40 51 37;urna@diamvel.ca;Président;HOBOKEN
Small;Ferdinand;07 95 27 05 50;gravida@eterosProin.co.uk;Président;SMART IT
Hines;Kimberley;07 25 81 76 90;consectetuer@Aliquamnec.com;Président;HOC
Mullen;Shelley;02 76 01 05 64;nisi.dictum@dictum.edu;Président;SMART PC
Holt;Kenneth;01 12 09 20 38;vulputate.risus.a@justoeuarcu.edu;Président;HODBOURG WAGNER ARCHITECTURE
Medina;Brennan;01 96 42 63 66;accumsan.laoreet@necenim.ca;Président;SMART PHARMA CONSULTING
Cohen;Haley;06 60 39 75 68;in@Nulladignissim.org;Président;HOGHAN
Shields;Simon;04 75 84 79 36;sit@gravidamaurisut.com;Président;SMART PIXELS
Dorsey;Margaret;08 68 71 85 97;orci.lacus.vestibulum@porta.com;Président;HOLDING BOSQUET
Lester;Conan;07 95 18 83 37;nibh@Fuscemollis.co.uk;Président;SMART SIDE
Garner;Tobias;09 13 02 38 40;auctor@ipsumdolorsit.com;Président;HOLDING DE PHARMARCIE INDEPENDANTES
Bentley;Tarik;05 78 27 86 85;pharetra.ut.pharetra@NullamnislMaecenas.edu;Président;SMARTACCEZZ
Pacheco;Iola;01 39 73 29 18;tristique@duinec.net;Président;HOLDING DES CENTRES POINT VISION
Odom;Yolanda;06 46 76 55 67;mus@vehicularisus.org;Président;SMARTFOCUS FRANCE
Fields;Forrest;01 53 43 28 39;tristique@sagittisDuis.org;Président;HOLDING DINH VAN
Mckee;Noble;09 64 85 04 93;eu.nibh@Aliquam.co.uk;Président;SMARTGRAINS
Parrish;Rashad;04 81 49 38 05;Integer@aceleifendvitae.net;Président;HOLDING EXPERTISE CONSEIL
Norris;Taylor;05 17 13 15 07;sed.leo.Cras@quisturpisvitae.com;Président;HOLDING FLORIDOR
Day;Wallace;01 95 37 81 16;suscipit@nec.com;Président;HOLDING GLF
Whitehead;Vivien;03 03 52 55 15;lacus@aclibero.ca;Président;SMARTLINE SYSTEMS
Mcclure;Rowan;03 14 08 80 88;velit.dui@molestiepharetra.co.uk;Président;SMARTPILLS
House;Joel;07 03 25 01 15;tellus@euaugueporttitor.co.uk;Président;SMCP
Prince;Gray;06 50 82 77 86;elit.pellentesque@eleifendnon.edu;Président;HOLDING JAR
Clark;Eliana;05 53 89 83 85;vulputate.mauris.sagittis@placerat.co.uk;Président;SMDV
Morse;Nigel;09 10 10 16 08;feugiat.nec@Nam.net;Président;HOLDING MOLITOR
Winters;Nelle;07 96 41 61 87;felis@nec.com;Président;SME
Langley;Laura;06 89 02 56 50;est.Mauris.eu@egestas.net;Président;HOLDING REGENCIA
Brewer;Steven;05 78 45 32 37;sem.molestie.sodales@egestas.net;Président;SMIIRL
Powers;Xander;06 75 78 84 12;nec.urna.suscipit@ultricies.co.uk;Président;HOLIDAY BOILEAU
Hayden;Morgan;01 23 25 80 47;fringilla@quislectusNullam.ca;Président;SMITH DORIA
Booker;Tarik;06 93 56 70 38;eros@dictumPhasellusin.edu;Président;HOLINAIL
Wong;Alfreda;08 07 33 67 20;eleifend@mauris.edu;Président;HOLLAND & SHERRY SARL
Conrad;Mira;02 34 60 53 39;convallis.in@fringilla.com;Président;HOLLY
Chan;Nathaniel;01 99 33 78 97;augue@Nam.com;Président;HOLYBELLY
Craft;Otto;05 22 89 72 36;diam.Sed.diam@sed.co.uk;Président;HOMAD
Valentine;Kevin;09 87 93 26 28;imperdiet@semmollis.co.uk;Président;SMN FRANCE
Mcdaniel;Lane;02 31 73 19 03;et@tincidunt.net;Président;SMOKO
Gillespie;Kevyn;06 52 95 11 35;aliquet.odio.Etiam@risus.edu;Président;SMOOTH
Huber;Geoffrey;09 61 47 39 24;erat.Vivamus@Vivamusmolestiedapibus.ca;Président;SMS OPTIC
Byrd;Abraham;02 07 12 30 60;vel.vulputate.eu@aliquam.ca;Président;SMTM INVEST
Deleon;Upton;01 25 33 00 20;pretium.neque@atrisus.net;Président;A LA FETE CONVENTION
Chang;Guinevere;02 49 02 01 24;penatibus.et@ipsumcursus.org;Président;HOME CONCEPT PARIS
Holt;Margaret;03 79 25 29 15;tellus@adipiscing.com;Président;SMURFIT KAPPA ALMA
Keith;Harding;06 90 55 48 88;et.commodo@Donecdignissimmagna.co.uk;Président;A LA FOLIE
Burgess;Winter;09 80 65 66 12;amet.ultricies@ultriciesdignissimlacus.edu;Président;HOME DECORATION
Castro;Flynn;09 91 99 21 85;neque.sed.sem@Donec.org;Président;SN CREBAT
Pate;Dorian;04 90 90 46 65;interdum.Nunc@in.net;Président;A LA FONTAINE
Le;Joseph;05 53 03 20 60;non.nisi@Etiamgravidamolestie.co.uk;Président;HOME INSTALLATION
Sanford;Tyrone;04 58 28 51 49;eros.turpis@augue.net;Président;SNC  FROMENTIN
Boyle;Herrod;07 57 20 42 27;dui.nec@Donecdignissim.ca;Président;A LA FONTAINE SAINT MICHEL
Fleming;Chantale;09 89 17 19 15;Praesent.interdum@sagittissemper.com;Président;HOME STOCK
Hayden;Kylee;04 97 03 66 94;metus@nonjustoProin.com;Président;SNC B.V.
Whitley;Wade;09 31 20 82 84;tempus.lorem@nec.net;Président;A LA ROSE DE TUNIS
Wilkinson;Marcia;09 38 58 21 86;dolor.Quisque@erat.org;Président;HOME TEX
Parrish;Cleo;03 36 10 16 13;Morbi.neque.tellus@auctorvelitAliquam.co.uk;Président;SNC BAKERS INDIA
Perkins;Chaney;04 62 10 44 39;nec.enim@risus.net;Président;A L'HOTEL QUEEN MARY
Barr;Rana;04 14 68 39 64;pretium.et@sem.ca;Président;HOMERE
Fry;Garrett;06 30 78 89 81;tortor.Nunc@Nunc.net;Président;SNC BATELIERE
Fuller;Tanisha;08 57 50 29 39;sed@lorem.co.uk;Président;A LINE
Stone;Wyoming;08 75 86 90 89;suscipit.est.ac@lorem.com;Président;HOMMES ET FINANCES
Diaz;Abel;04 13 08 97 00;neque.vitae@ultricesmaurisipsum.net;Président;SNC BENOUARI ERIC ET TAYEB
Gallegos;Veronica;04 21 67 81 23;lorem@eratvolutpat.ca;Président;A LIVR'OUVERT
Mckee;Jeremy;02 16 93 70 19;nunc.nulla.vulputate@euarcuMorbi.co.uk;Président;HONDELATTE LAPORTE ARCHITECTES
Velazquez;Wilma;01 57 48 65 44;eu.dolor.egestas@CuraeDonectincidunt.net;Président;SNC BERTHELOT FOURREAU
Day;Reece;09 31 38 17 77;et@elit.co.uk;Président;A M B ASSURANCES
Mendoza;Quynn;07 30 44 18 07;sociis@nibh.org;Président;HONG SHUN
Newman;Keelie;04 37 62 86 87;massa.Vestibulum.accumsan@utnisia.com;Président;SNC BOSC DECOBERT
Santana;Wyatt;05 88 49 68 48;arcu.Morbi@vitaesodalesnisi.net;Président;A M B FORMATIONS
Pace;Lev;07 06 84 80 11;lorem.luctus.ut@nequepellentesquemassa.com;Président;HONODIS
Mccarthy;Wesley;03 63 78 28 40;metus@pede.org;Président;SNC CAUMARTIN 2005
Becker;Eagan;06 98 40 92 59;bibendum@Pellentesqueultriciesdignissim.co.uk;Président;A MI CHEMIN
Gordon;Abbot;01 85 11 74 13;non.luctus.sit@nequeNullamnisl.co.uk;Président;HONOTEL MDO
Cruz;Zenia;02 93 66 79 64;quis.diam@nislNullaeu.net;Président;SNC CHAIGNEAU
Hurley;Nevada;07 13 09 79 97;adipiscing.elit@disparturient.edu;Président;A NET EUROPE SAS
Webster;Gabriel;09 41 75 65 35;dictum.mi.ac@sem.ca;Président;A NOTRE DAME D'AUTEUIL
Byers;Zoe;06 88 12 52 69;in.felis@utnullaCras.org;Président;A NOUS PARIS
Barnes;Lance;03 68 99 15 36;feugiat@nec.com;Président;A O C
Powell;Dominique;03 20 19 97 91;scelerisque.mollis@mi.org;Président;A ONE SHOP
Levy;Ima;04 36 21 52 72;mollis.nec.cursus@blanditNamnulla.org;Président;A P A
Ford;Cole;06 11 21 66 71;Integer.sem.elit@egestasa.com;Président;A Q D A
Lyons;Nolan;03 67 13 05 04;libero.Morbi.accumsan@velmauris.edu;Président;A R O E V E N
Poole;Glenna;07 22 96 17 16;et.eros.Proin@dui.com;Président;HOOGSTOEL & ASSOCIES SAS
Curry;Rebekah;03 19 31 38 76;arcu@semNulla.co.uk;Président;HORCONEX
Cohen;Piper;05 58 50 60 62;urna.Nullam@mollisvitae.edu;Président;HORIZON MOKA
Dunn;Armando;08 50 02 04 95;quis@ornareplacerat.net;Président;HORIZON TECHNICS
Hardy;Lara;07 47 90 01 55;purus@Maecenasliberoest.ca;Président;HORRENBERGER
Middleton;Emery;08 42 87 32 32;Fusce.aliquet@eu.edu;Président;HORS LIMITES ARCHITECTURE
Barker;Shaine;07 07 78 36 81;diam.Duis.mi@Vivamusmolestiedapibus.net;Président;HORS SERIE
Landry;Nelle;05 90 87 02 83;quis.arcu@commodotincidunt.edu;Président;HORTENSE CEZANNE
Jacobson;Karly;09 66 00 59 55;vitae.risus.Duis@ut.ca;Président;SNC CONSEIL ET ASSISTANCE
Bentley;Stephanie;02 69 07 40 04;rutrum@nibh.edu;Président;SNC DU 13 R TROUSSEAU
Weber;Connor;06 31 70 08 10;non@Donec.ca;Président;SNC GBT
Hardy;Signe;05 25 33 42 17;non.nisi@venenatisa.edu;Président;SNC GRANDE PHARMACIE DE BELLEVILLE
James;Shea;01 83 18 93 69;sed.libero@Integerid.co.uk;Président;SNC GRENELLE SUFFREN
Berger;Candice;04 33 67 46 67;auctor@Aliquamrutrumlorem.org;Président;SNC HJF FLORESCENCE
Walton;Thane;03 18 97 76 39;sed@convallisligulaDonec.edu;Président;SNC HORSTEL LE MAS
Weaver;Jonas;07 36 04 55 28;malesuada@turpis.net;Président;SNC HOTEL DAVOUT
Woodard;Baxter;04 60 73 47 03;nisl@purus.edu;Président;A S COMMUNICATION
Soto;Merritt;04 44 12 25 41;ac.mattis@adipiscingelit.co.uk;Président;HORUS
Glenn;Nissim;08 18 43 79 56;ut@etlaciniavitae.edu;Président;SNC HOTEL PARADIS
Riley;Robin;02 09 40 38 11;Nulla.dignissim.Maecenas@Pellentesque.org;Président;A S E AUTO SERVICE EXCELLENT
Slater;Paloma;07 58 90 66 20;Nunc.ac@urnaet.edu;Président;HORUS DEVELOPMENT FINANCE
Evans;Beatrice;06 04 09 92 50;ligula.Aenean@Sed.edu;Président;SNC HOTELIERE ARES EIFFEL
Kaufman;Idona;06 55 52 50 92;Etiam.bibendum.fermentum@montes.edu;Président;A SAINT BRIEUC
Knox;Karleigh;02 38 82 08 16;sit.amet.risus@sitamet.ca;Président;HORZE FRANCE
Flores;Glenna;07 04 24 92 86;aliquet.sem.ut@metusfacilisis.co.uk;Président;SNC LE CLIGNANCOURT
Lamb;Xaviera;01 46 49 04 35;tincidunt.nibh.Phasellus@dolornonummyac.ca;Président;A SAINTE MARIE LE SAVIO
House;Germane;02 98 03 99 28;nibh.enim.gravida@NullafacilisisSuspendisse.net;Président;HOSSAIN JAKIR SARL
Hendricks;Gisela;01 73 54 20 64;velit@nuncsed.edu;Président;SNC LEVY
Dean;Ulla;09 30 75 46 84;mattis.velit@egestasnunc.com;Président;A TOI MAURICE
England;Quin;06 91 22 26 88;netus@Vivamusnonlorem.edu;Président;HOTCAKES
King;Margaret;07 97 11 37 64;Nulla@Sed.com;Président;SNC LONG LIFE PRESTATIONS
Delaney;Fredericka;06 78 70 40 87;Duis@necmetusfacilisis.edu;Président;A TRIANON GOURMET
Torres;Orli;01 44 20 86 09;scelerisque@Vivamuseuismodurna.org;Président;HOTEL & LODGE
Stone;Blaine;08 84 12 40 31;dictum.augue.malesuada@ut.ca;Président;SNC LYZ
Lindsey;Winter;07 80 28 34 72;libero.Donec.consectetuer@Sednulla.org;Président;A VERSE TOUJOURS
Pitts;Germaine;07 14 05 95 76;ligula.Nullam.enim@ultriciessemmagna.co.uk;Président;HOTEL 52
Hoover;Savannah;06 62 96 08 07;odio.semper.cursus@lacus.co.uk;Président;SNC MILLA ETOILE
Medina;Heidi;08 06 07 41 94;nascetur.ridiculus.mus@magnaUt.com;Président;A Z ALIMENTATION
Fitzpatrick;Echo;03 82 29 56 91;dui@mollis.edu;Président;HOTEL ACADIA
Barber;Samantha;07 62 82 74 97;commodo.ipsum.Suspendisse@etmalesuadafames.ca;Président;SNC PHARMACIE BRANCION VOUILLE
Tillman;Rebekah;01 32 85 24 00;vel@antebibendum.edu;Président;A&A
Gilmore;Kirby;06 53 78 60 62;arcu.ac@nonarcuVivamus.org;Président;HOTEL AGORNO CITE DE LA MUSIQUE
Garrison;Hermione;04 29 58 16 62;vulputate.dui.nec@netus.org;Président;SNC PHARMACIE CATALA & CHAPELIER
Noel;Iona;03 90 85 69 60;dapibus@nislQuisque.net;Président;A&M DISTRIBUTION
Watts;Adria;01 81 84 43 86;imperdiet.non@nisiaodio.ca;Président;HOTEL AIGLON
Mccarthy;Madeson;04 49 30 94 20;iaculis.enim@metusInnec.com;Président;SNC PHARMACIE COHEN
Patel;Shay;06 88 74 44 97;ac.turpis.egestas@venenatis.net;Président;A. GOMBERT
Nixon;Gay;09 72 30 53 35;ultrices.sit.amet@auctorquistristique.net;Président;HOTEL ALBERT 1ER
Small;Tasha;03 74 81 92 83;luctus.Curabitur.egestas@arcuNuncmauris.co.uk;Président;SNC PHARMACIE GAYDAN & LE BERRE
Summers;Susan;03 10 57 18 59;cursus@lacus.net;Président;A. WEBER METAUX
Willis;Shannon;08 48 34 25 71;a@ametlorem.net;Président;HOTEL ALEXANDRA
Pate;Mara;08 05 34 24 86;mollis.Duis.sit@pharetraNamac.co.uk;Président;SNC PHARMACIE MORCHOISNE CHHUN
Hall;Jocelyn;03 42 76 06 67;urna@loremtristiquealiquet.net;Président;A.A
Stewart;Nevada;01 94 95 46 70;eu.dolor@purusaccumsan.com;Président;HOTEL AMERICA OPERA
Gay;Ainsley;05 88 77 49 40;commodo@convallisconvallisdolor.org;Président;SNC PHARMACIE STIOUI
Sawyer;Breanna;06 46 13 22 52;dolor@egetmetuseu.net;Président;A.B.H.
Cooke;Jillian;09 10 71 89 78;Aliquam.erat@Ut.net;Président;HOTEL APOLLO OPERA
Mills;Brianna;08 15 03 16 85;ut.pharetra@Donec.ca;Président;SNC PHARMACIE TEBOUL GAZERES
Day;Pamela;06 38 19 00 73;nec@Crasegetnisi.co.uk;Président;A.B.L. METAL
Velasquez;Shana;07 62 24 49 25;velit.Pellentesque@Quisquelibero.com;Président;HOTEL ARC DE TRIOMPHE ETOILE
Anderson;Nayda;09 22 68 11 25;Nam.tempor.diam@Integermollis.ca;Président;SNC POUJADE & CIE   LE BALZAC
Sanders;Leigh;06 67 00 49 23;penatibus.et@lacus.org;Président;A.B.L.L. 55
Robles;Hadley;05 17 27 35 08;justo@dolor.co.uk;Président;HOTEL ARCADIE MONTPARNASSE
Odonnell;Kiara;09 47 97 01 08;et@cursusvestibulum.ca;Président;SNC PRIMEUM
Payne;Quon;05 61 54 73 59;sed@arcuSedeu.edu;Président;A.C. SIMON
Griffith;Gay;09 42 53 32 19;orci@facilisiSedneque.net;Président;A.C.A SOCIETE D AVOCATS
Gould;Imelda;04 37 75 83 56;et.netus.et@viverraDonec.net;Président;HOTEL ASTRID
Lewis;Olga;01 33 57 85 00;mus.Donec.dignissim@pharetra.com;Président;HOTEL ATALA
Slater;Olga;03 79 15 23 91;arcu.et.pede@diamatpretium.net;Président;SNC SALERNO
Peterson;Nina;06 19 16 65 49;quis.diam.Pellentesque@feugiat.ca;Président;SNC SCEMAMA
Griffith;McKenzie;07 33 29 16 71;eros.Proin@maurisblanditmattis.edu;Président;A.C.C.
Calhoun;Gisela;07 58 07 03 77;Nunc@in.co.uk;Président;HOTEL ATMOSPHERES
Colon;Kylee;03 49 94 76 80;diam@ridiculusmus.ca;Président;SNC SIRIUS
Pratt;Octavia;02 93 06 09 91;dolor@Aliquam.co.uk;Président;A.C.G ASSAINISSEMENT
Whitfield;Lacy;01 60 43 36 09;Cum.sociis.natoque@CurabiturmassaVestibulum.edu;Président;HOTEL BAILLI DE SUFFREN
Dillard;Indigo;02 05 73 93 64;justo.Praesent@auctorvelitAliquam.com;Président;SNC STEF-TFE SERVICES
Kaufman;Risa;04 00 31 48 42;Suspendisse@id.edu;Président;A.C.G. LIFE
Morin;Ingrid;01 59 09 48 53;malesuada.vel.venenatis@idmollis.ca;Président;HOTEL BASSANO
Mayer;Jacqueline;03 02 18 33 33;turpis.Nulla@pedeNunc.org;Président;SNC TABAC DE LA MUETTE-BONGRAND
Jones;Zelenia;06 64 72 21 30;Cum@metusurnaconvallis.ca;Président;A.C.G.A.
Shepard;Tasha;02 40 25 46 71;consectetuer.ipsum.nunc@enimSed.org;Président;HOTEL BEAUBOURG
Bass;Portia;07 14 91 23 24;orci.Phasellus.dapibus@consectetuercursus.org;Président;SNCEEL
Bailey;Mira;07 89 11 32 59;luctus.lobortis.Class@telluseu.edu;Président;A.C.M.E.
Lopez;Aspen;03 57 70 59 42;tellus.Phasellus@sapien.net;Président;HOTEL BELGRAND PARIS CHAMPS ELYSEES
Day;Gretchen;03 52 34 22 49;arcu@tempusrisusDonec.ca;Président;SNEAKERSNSTUFF
Harper;Clementine;06 47 34 35 52;tempus.risus@aliquet.edu;Président;A.C.V.
Francis;Lydia;05 03 92 45 94;Donec.nibh@acfacilisis.ca;Président;HOTEL BELIDOR
Hayes;Kaden;03 53 49 18 80;ligula@enim.ca;Président;SNEHA
Mcgowan;Catherine;04 23 95 71 79;dolor.quam@odioPhasellusat.ca;Président;A.D SPORTS
Edwards;Ursa;07 13 96 37 15;augue@velit.edu;Président;HOTEL BELLECHASSE
Knight;Michelle;03 86 49 48 63;purus@enim.com;Président;SNESUP
Bass;Penelope;01 62 74 31 85;vitae@dignissim.org;Président;A.D.G.
Maynard;Lacey;01 23 29 95 16;nulla.Integer.urna@nequetellus.co.uk;Président;HOTEL BELLEVUE ET CHARIOT
Park;Britanni;02 80 47 16 66;parturient.montes.nascetur@Maecenasmi.org;Président;SO DI M E SOCIETE DE DISTRIBUTION DE MANNEQUINS ET D'ETALAGES
Whitley;Libby;04 99 16 16 06;vulputate@semutdolor.net;Président;A.D.I.S SECURITE
Nichols;Mercedes;02 81 93 83 32;orci.quis.lectus@facilisisfacilisismagna.com;Président;HOTEL BIBLIOTHEQUE DE FRANCE PARIS TOLBIAC
Clarke;Elaine;01 00 83 62 23;lorem.semper.auctor@Nullamsuscipitest.co.uk;Président;SO LEAD
Armstrong;Zenia;01 56 24 02 61;amet.nulla@arcuimperdietullamcorper.org;Président;A.F.A.
Olson;Xerxes;06 80 36 75 39;diam.lorem.auctor@et.org;Président;HOTEL BRADY
Osborn;Ursula;07 32 14 90 61;nec.euismod.in@nec.ca;Président;SO MUST
Sharp;Quintessa;07 83 91 05 17;In.scelerisque@inmolestie.ca;Président;A.F.L. GESTION
Garza;April;01 70 48 83 26;velit.Cras@arcu.co.uk;Président;HOTEL BRITTANY
Macdonald;Brynn;01 48 15 92 01;mauris.sapien.cursus@Aenean.org;Président;SO SHAPE
York;Aurelia;04 14 76 84 23;Pellentesque.ultricies.dignissim@eros.ca;Président;A.F.M
Young;Gwendolyn;08 81 96 39 01;facilisis.Suspendisse.commodo@feugiatplacerat.edu;Président;A.G. CONSEIL ALAIN GUEZ CONSEIL
Williamson;Winter;03 03 89 17 14;felis.eget.varius@risus.co.uk;Président;A.G.E
Charles;Iola;02 08 00 79 48;amet.risus.Donec@orci.org;Président;A.G.P
Steele;Kendall;09 42 96 19 40;nascetur.ridiculus.mus@felisDonec.co.uk;Président;HOTEL BUILDING CONSEIL
Mejia;Ima;04 62 06 17 95;risus.Donec.nibh@eleifend.edu;Président;HOTEL CAMBON
Scott;Lillith;04 37 66 37 80;rutrum.lorem@egestasDuisac.net;Président;HOTEL CAMBRAI
Cote;Aimee;06 64 19 33 38;montes.nascetur.ridiculus@egestas.org;Président;HOTEL CAMBRONNE
Kaufman;Nicole;09 24 00 07 37;adipiscing.non.luctus@Donec.org;Président;SO YOU
Crawford;Brittany;09 97 70 21 00;ac.eleifend.vitae@elementumsemvitae.net;Président;SO.GE.TE
Gallagher;Zenia;09 78 08 93 47;sapien@ultricesposuere.com;Président;SOADEO
Richmond;Hiroko;07 72 00 20 96;Morbi@semper.net;Président;SOAN
Irwin;Nita;09 13 51 77 97;congue@sagittisDuisgravida.ca;Président;A.G.R.I ASSISTANCE GESTION ET REALISATION IMMOBILIERES
Russell;Halee;03 93 48 63 80;Nulla.interdum.Curabitur@tortor.net;Président;HOTEL CAMELIA
Cooke;Uma;01 39 00 72 02;sociis.natoque.penatibus@velitCras.co.uk;Président;SOBOA SARL
Perry;Rina;07 46 22 47 16;semper.cursus.Integer@iaculisodio.co.uk;Président;A.I.2.P
Tyler;Ginger;02 04 26 34 22;dictum.ultricies.ligula@bibendum.edu;Président;A.I.C.P.
Hurley;Grace;09 26 74 00 22;fringilla.ornare@enim.com;Président;HOTEL CARLTON MONTPARNASSE
Ortega;Sonia;05 04 36 40 44;viverra.Donec@necmalesuada.org;Président;HOTEL CECILIA
Simpson;Bree;04 85 78 11 29;sem@Maecenasliberoest.com;Président;SOC 3B PRODUCTION
Bryant;Athena;08 29 02 59 13;sit@sodales.edu;Président;SOC A THEATRE MICHEL
Day;Cullen;06 08 88 07 14;gravida.molestie.arcu@vulputatenisisem.co.uk;Président;A.I.E PLOMBERIE (AGENCEMENT INGENIERIE ETUDE PLOMBERIE)
Trujillo;Eaton;08 42 08 69 53;posuere.at@arcu.com;Président;HOTEL CENTRAL CHAMPOLLION
Warner;Russell;08 31 77 05 38;neque@aptenttacitisociosqu.org;Président;SOC ADMINISTRAT COURTAGE ASSURANC FRANCE
Brock;Rahim;09 41 02 10 30;Curae.Donec.tincidunt@inaliquetlobortis.net;Président;A.I.J.A.
Landry;Zachary;02 93 25 68 57;quis.turpis@loremipsum.co.uk;Président;HOTEL CERVANTES
Huff;Evangeline;05 30 80 11 79;Sed.nunc@Nuncsedorci.co.uk;Président;SOC AGENCEM DISTRIBUTION
Walls;Colby;01 98 60 09 86;vestibulum.Mauris.magna@nonenim.co.uk;Président;A.L.B
Quinn;Nelle;08 32 84 14 22;Proin.sed@bibendumullamcorperDuis.co.uk;Président;HOTEL CHARMA
Oneil;Reed;05 81 75 55 05;nisi@nibhPhasellus.org;Président;SOC ALMA
Fitzpatrick;Ria;07 32 22 32 50;interdum.Nunc@velturpisAliquam.ca;Président;A.L.C.
Calderon;Kibo;01 88 75 72 06;Etiam@utodiovel.edu;Président;HOTEL CHATEAUBRIAND
Hansen;Chelsea;07 72 08 99 98;Duis.risus@rutrumnonhendrerit.net;Président;SOC AMIS DU LOUVRE
Pratt;Jorden;04 30 43 82 15;volutpat.Nulla.facilisis@etcommodoat.org;Président;A.L.INFORMATIQUE SERVICE
Dunn;Geraldine;09 28 46 08 28;fermentum.fermentum@ante.ca;Président;HOTEL CHATILLON
Bruce;Bruce;08 90 80 82 31;laoreet@metusAliquamerat.com;Président;SOC AMPERE
Thompson;Jessamine;06 03 06 17 34;vestibulum.lorem@egestasDuis.org;Président;A.L.T.
Livingston;Roanna;06 13 82 31 81;ante@porttitorinterdumSed.co.uk;Président;HOTEL CHOPIN
Shields;Fuller;01 50 81 04 99;volutpat.Nulla.dignissim@sit.edu;Président;SOC ANDRE MAEGHT
Chaney;Clark;08 48 36 67 29;Aliquam.gravida.mauris@purusMaecenaslibero.co.uk;Président;A.M.B. SENIOR ADVISORS
Moody;Laura;09 17 93 62 57;Sed.neque@Integerid.org;Président;HOTEL CLAUDE BERNARD
Sexton;Nevada;02 78 01 68 89;augue.Sed@dolordapibusgravida.co.uk;Président;SOC APPLICATION RECHER RATIONAL CONSTRUC
Hammond;Anthony;02 11 35 98 03;mollis.lectus@libero.net;Président;A.M.CONSEIL
Pacheco;Dante;07 46 13 84 39;consectetuer@semmolestie.edu;Président;HOTEL CUJAS
Griffith;Caldwell;03 13 44 65 76;Donec@Vivamussitamet.ca;Président;SOC APPROVIS LEVIS TERRASSE
Pennington;Marsden;08 88 91 70 53;aliquet.nec@dictumeu.edu;Président;A.M.FLEURS
Frederick;Jillian;05 99 09 61 06;venenatis.vel@auctorMauris.co.uk;Président;HOTEL D AMBOISE
Brewer;Timothy;06 23 87 44 87;Proin.mi.Aliquam@nisi.com;Président;SOC ARTIMPORT
Hoover;Ignacia;01 86 19 42 93;mauris@tempusscelerisque.net;Président;A.M.V. CONSEIL
Kramer;Price;08 40 29 06 26;faucibus.orci@ipsumDonecsollicitudin.org;Président;A.P.ENVIRONNEMENT
Terry;Randall;04 14 18 73 02;egestas.lacinia@nequeet.net;Président;HOTEL D ANGLETERRE ST GERMAIN DES PRES
Kerr;Jelani;08 70 53 50 79;ornare@dolor.org;Président;HOTEL DALAYRAC
Buckley;Lila;01 09 70 35 58;Nulla@sitamet.net;Président;SOC ARTISTIQUE DIFFUSION EDITION
Pennington;Beatrice;08 72 60 95 44;egestas@cursusdiam.net;Président;SOC ASTRONOMIQUE DE FRANCE
Farley;Burke;07 23 01 42 26;Nulla.eu@enimnec.edu;Président;A.P.V. RESTAURANTS
Cochran;Sydnee;01 70 83 62 73;aliquam.eu@ornarelectus.ca;Président;HOTEL D'ALBION
Mccullough;Hop;07 84 35 95 73;velit.eget@turpisegestas.edu;Président;SOC ATLANTIC HOTEL
Reid;Josiah;03 59 04 53 93;egestas.a.dui@eliterat.co.uk;Président;A.S ASCENSEURS SERVICES
Byers;Macaulay;04 25 82 57 49;odio.auctor@iaculisaliquetdiam.edu;Président;HOTEL D'ANGLETERRE-CHAMPS-ELYSEES
Weiss;Flavia;07 73 62 52 26;orci.luctus@semmagna.ca;Président;SOC AU PETIT MATELOT
Hunt;Akeem;09 65 41 13 23;nunc.Quisque.ornare@ultriciesornare.com;Président;A.S.C.
Tran;Rashad;03 68 01 13 49;Suspendisse.tristique@ut.edu;Président;HOTEL DANIEL
Mooney;Wyoming;04 95 71 80 94;hendrerit.Donec@vulputatemaurissagittis.com;Président;SOC AU POULET DE BRESSE
Gallegos;Constance;07 81 73 17 79;scelerisque@Fusce.org;Président;A.S.R.G
Robertson;Wyoming;03 06 84 58 14;venenatis.vel.faucibus@elementumloremut.com;Président;HOTEL DE BELFORT
Riggs;Quentin;08 43 60 37 89;id.enim@egetvolutpat.ca;Président;SOC AUTO SPORT DAUMESNIL
Daniel;Kessie;06 15 73 25 36;fringilla@DonecegestasDuis.com;Président;A.SCHMIDT-L.GOLDGRAB
Fry;Iola;02 40 02 59 92;pede.Cum.sociis@est.ca;Président;HOTEL DE BELLEVUE
Higgins;Gil;02 48 57 23 56;consequat.auctor@et.co.uk;Président;SOC AUTOMATISM REALISAT ASCENSEUR
Maxwell;Stone;07 60 85 63 18;scelerisque@pedeNunc.edu;Président;A.T.P
Waller;Fuller;09 25 53 64 45;ipsum@et.ca;Président;HOTEL DE BOURGOGNE MONTANA
Tyson;Quynn;07 06 88 50 29;amet.nulla@Aeneaneuismod.org;Président;SOC BARAZZETTI FILS FUMIST
Mercado;Hakeem;07 29 78 66 12;mi.pede@aliquet.org;Président;A.V.P.P.SARL
Morrison;Tad;08 25 09 81 01;lobortis.ultrices.Vivamus@Aenean.com;Président;HOTEL DE CHAMONIX
Rhodes;Sylvia;07 28 09 53 08;lorem.luctus.ut@dignissimtempor.com;Président;SOC BARTEX
Hopper;Olga;02 02 93 66 84;Integer.in@Nuncmauriselit.ca;Président;A.V.S.
Hayden;Keane;07 34 24 78 66;Phasellus.nulla.Integer@vehicularisusNulla.net;Président;HOTEL DE DIEPPE
Vargas;Victoria;03 78 83 96 98;vitae@diamSeddiam.ca;Président;SOC BASS ET BASS
Moreno;Isabelle;03 34 17 19 74;sit@elitelitfermentum.com;Président;A+ CTRE AUSTRALIEN EDUC CULTURE
Gilliam;Dustin;07 67 30 00 23;nisi.dictum@pede.co.uk;Président;HOTEL DE FRANCE SNC
Fowler;Evan;09 29 64 92 10;arcu.Nunc@velitPellentesqueultricies.com;Président;SOC BAYLAUD
Bryan;Cooper;08 58 43 79 05;ullamcorper.velit.in@egetipsumSuspendisse.org;Président;A+ SAMUELDELMAS ARCHITECTES URBANISTES
Aguilar;Noelani;03 49 99 13 84;lectus.a.sollicitudin@pede.edu;Président;A2 MEDICAL
Keller;Eric;05 37 38 57 18;Etiam.vestibulum.massa@metus.co.uk;Président;A2BH ARCHITECTURE
Jensen;Alexa;03 47 67 04 47;aliquam.eu@Phasellus.org;Président;A2CS
Bonner;Rahim;04 48 72 18 39;tristique@Suspendissealiquet.com;Président;'A2D' A 2 DEVELOPPEMENT
Buck;Macon;05 45 36 72 22;molestie@torquent.ca;Président;A2D AVOCATS
Bridges;Carol;09 91 36 43 54;sed.consequat.auctor@nunc.co.uk;Président;HOTEL DE L ALMA
Gould;Tanisha;08 12 93 19 76;pede.et.risus@felisadipiscing.com;Président;HOTEL DE L AQUEDUC
Hebert;Rooney;05 52 02 37 63;ac@nibhsit.edu;Président;HOTEL DE L INDUSTRIE
Montgomery;Wade;05 04 89 86 43;ut@fermentumfermentumarcu.co.uk;Président;HOTEL DE LA BRETONNERIE
Carney;Desiree;01 27 28 30 17;nibh.Phasellus.nulla@montes.org;Président;HOTEL DE LA FONTAINE BEAUSEJOUR
Cote;Avram;07 76 54 94 81;molestie@acmetusvitae.co.uk;Président;HOTEL DE LA GARE DU NORD
Moreno;Galvin;08 28 97 43 57;felis@tinciduntadipiscingMauris.edu;Président;SOC BIJOUX BURMA
Moreno;Clio;06 29 06 44 15;magna.a.neque@nonmagnaNam.co.uk;Président;SOC BLOSSOM INTERNATIONALE
Sosa;Audra;02 47 81 43 12;ligula.Nullam@Duisami.com;Président;SOC BOUCHERIE DEBEAUX
Manning;Guy;07 71 17 74 88;Aenean.massa@eudoloregestas.ca;Président;SOC BOUCHERIE ROGER
Wilkinson;Chaim;02 92 73 96 78;eget@quis.ca;Président;SOC CAGE THOUARD ET FILS
Riggs;Zahir;09 50 23 31 67;convallis.est.vitae@Etiamvestibulummassa.edu;Président;SOC CAVES D ARGENT
Fernandez;Neil;08 44 69 23 90;quam@tortorInteger.org;Président;A2G EXPERTISE
Boyd;Rana;04 77 37 65 28;velit@porttitoreros.com;Président;HOTEL DE LA PAIX
Kelly;Emerson;08 46 00 71 50;Duis.volutpat.nunc@Nuncacsem.ca;Président;SOC CAVIAR PETROSSIAN
Guerra;Curran;02 56 66 69 07;Vivamus@lobortis.org;Président;A2M CONSEIL
Barker;Lester;08 11 64 68 00;vulputate@miac.com;Président;HOTEL DE LA PLACE DES VOSGES
Neal;Constance;01 48 80 22 52;Curae.Donec@magnaUttincidunt.co.uk;Président;SOC CENTER 51
Blackburn;Katelyn;09 15 25 55 98;non@venenatisvelfaucibus.edu;Président;A2RA
Curry;Giacomo;02 38 29 47 29;dolor.sit@Fusce.net;Président;HOTEL DE LA PLAGE DES ALPES
Hendricks;Phoebe;01 12 01 49 01;Proin.vel.nisl@sagittis.edu;Président;SOC CHAUSSURES BERTHIER
Cardenas;Susan;08 62 36 34 86;penatibus@arcu.net;Président;A3 CONSEILS
Roy;Gretchen;06 83 65 09 50;Curabitur.egestas@loremeumetus.com;Président;HOTEL DE LA TOUR D'AUVERGNE
Donovan;Dieter;09 44 58 47 23;metus.In.lorem@egetdictumplacerat.co.uk;Président;SOC CIVILE PRODUCT PHONOGRAMMES FRANCE
Benson;Lara;08 75 24 85 79;lectus.pede@elitCurabitursed.ca;Président;AACR
Gonzalez;Hilel;01 52 99 21 56;eu@euligulaAenean.com;Président;HOTEL DE L'EMPEREUR
Solomon;Clark;02 20 92 50 57;vulputate.ullamcorper.magna@sitamet.edu;Président;SOC COOPE RENOVATION EQUIPEMENT COMMERCE
Cash;Keith;01 21 91 21 77;luctus.ut.pellentesque@ipsumDonec.edu;Président;AAKRO PURE TRONIC CORPORATION
Walls;Frances;02 47 07 36 85;a.odio@utnisia.com;Président;HOTEL DE L'EUROPE
Bradley;Britanni;01 51 87 12 31;hymenaeos@tortor.org;Président;SOC COOPERATIVE PERSONNEL BANQUE FRANCE
Juarez;Lydia;04 58 44 76 13;ac.facilisis@antedictummi.net;Président;AAM COMMUNICATION SARL
Roman;Myles;08 17 60 74 83;ac.eleifend.vitae@euligula.net;Président;HOTEL DE LUTECE
Fry;Nadine;01 24 14 35 18;nec.luctus@non.co.uk;Président;SOC CRAVATES BEVERLEY
Robinson;Amal;03 51 51 87 54;varius.orci@et.co.uk;Président;AAMSET
Hunt;Joelle;06 53 91 43 48;elit.dictum@in.co.uk;Président;HOTEL DE MORNY
Dunn;Andrew;08 47 63 68 25;arcu@et.com;Président;SOC CYRENE
Christian;Holly;01 93 16 29 23;ornare@velitegestas.org;Président;AAPS AVOCATS
Maynard;Tamekah;01 44 96 22 70;Quisque.imperdiet@malesuadaInteger.com;Président;HOTEL DE NEMOURS
Mccormick;Hope;02 42 44 79 46;gravida.non.sollicitudin@CuraeDonectincidunt.ca;Président;SOC CYRIL
Frazier;Sara;05 96 16 33 09;faucibus.orci@Duis.net;Président;AARANI
Blake;Florence;06 83 86 72 50;fringilla.est.Mauris@consectetuerrhoncus.ca;Président;HOTEL DE NORMANDIE
Clements;Autumn;08 78 50 47 72;eu@erosProin.edu;Président;SOC D ALIMENTATION COMMERCIALE
Erickson;Denton;06 90 86 75 27;cursus.purus.Nullam@utpellentesque.edu;Président;AARKA
Cannon;Joan;08 92 23 39 42;lacinia@eleifendvitaeerat.edu;Président;HOTEL DE PASSY
Ward;Neve;04 93 36 74 98;aliquet@tinciduntaliquamarcu.ca;Président;SOC D EXP DES TRANSPORTS SELLIER
Berg;Jeremy;05 31 32 73 44;non.egestas.a@Praesent.com;Président;AARON'S
Salinas;Barclay;04 33 07 20 90;rutrum.eu@aliquetnecimperdiet.edu;Président;HOTEL DE REIMS HECTOR MALOT
Marquez;Gail;03 87 20 66 52;Nullam.vitae.diam@placerateget.ca;Président;SOC DAHLIA S HOTEL
Camacho;Hope;03 00 02 20 91;consectetuer@Nuncullamcorpervelit.com;Président;AARPI  ARAGO
Oneill;Mallory;09 77 02 08 61;mollis@ataugue.net;Président;HOTEL DE ROUBAIX
Bentley;Merrill;09 80 89 25 62;Aliquam.auctor@dapibus.org;Président;SOC DANIEL H PIAT
Steele;Lila;03 02 92 60 80;dolor.Quisque@pede.org;Président;AARPI  FOLEY HOAG
Cohen;Ivana;02 24 31 59 76;sagittis.lobortis@nibh.co.uk;Président;HOTEL DE ROUEN
Baxter;Quincy;04 31 53 93 06;risus.quis@non.org;Président;SOC DASI
Chase;Carter;09 03 42 84 91;lorem@mauriserat.org;Président;AARPI 2BA AVOCATS
Crosby;Victor;06 85 14 74 59;tellus.Nunc.lectus@sit.co.uk;Président;HOTEL DE SAXE
Trevino;Randall;03 60 22 03 61;Donec.egestas.Duis@malesuadafringilla.org;Président;SOC DAVAL HOTEL
Garrett;Zahir;06 58 11 30 81;Mauris.magna@lacus.co.uk;Président;AARPI CABINET LANES ET CITTADINI
Miranda;Colin;03 84 09 69 06;tortor.Integer@tempus.edu;Président;HOTEL DE SENLIS PARIS
Hudson;Ebony;09 89 67 12 99;ultrices@lobortistellus.edu;Président;SOC DE BAR ET D'ALIMENTAION PATRICK'S
Oneill;Anthony;09 86 02 09 15;dolor.Fusce.mi@euismodenim.org;Président;AARPI COTTE & FRANCOIS
English;Xander;05 74 24 13 44;turpis.egestas.Fusce@feugiatnec.com;Président;HOTEL DE SEVRES
Figueroa;Zenaida;07 33 01 36 12;facilisis.vitae.orci@sempertellusid.co.uk;Président;SOC DE L HOTEL PEYRIS
Whitaker;Bruce;06 47 31 01 35;eget.laoreet@pretiumnequeMorbi.edu;Président;AARPI FALGA-VENNETIER
Carey;Tobias;05 41 71 75 80;mus.Proin@auctor.ca;Président;HOTEL DE TOURVILLE
Mcclure;Ronan;07 84 42 26 41;massa.non.ante@quispede.co.uk;Président;SOC DE L'HOTEL DE LA BOURSE
Mcdowell;Wing;06 33 43 79 61;eu.nibh@Mauris.com;Président;AARPI FOURNIER LABAT-SIBON ASSOCIES
Conway;Jane;03 33 39 52 05;posuere.vulputate@vitaerisus.co.uk;Président;HOTEL DE VARENNE
Hopkins;Anjolie;05 15 63 85 78;nulla.vulputate.dui@atarcuVestibulum.com;Président;SOC D'EDITIONS MUSICALES INTERNATIONALES
Daugherty;Shad;03 76 79 73 12;nisi.dictum.augue@faucibusid.com;Président;AARPI GATE AVOCATS
Johnston;Cole;07 34 09 00 47;pede@sapienNuncpulvinar.edu;Président;HOTEL DELAVIGNE
Baker;Xavier;05 05 60 62 92;urna.et@Donecest.co.uk;Président;SOC DENFERT IMMOBILIERE
Hamilton;Daryl;01 68 23 14 71;ipsum.sodales@morbitristiquesenectus.org;Président;AARPI LCG AVOCATS
Leonard;Phelan;01 26 78 76 83;purus.ac.tellus@vitaedolorDonec.ca;Président;AARPI LIZOP ET ASSOCIES
Stevenson;Fleur;06 28 95 68 27;dui@velitPellentesqueultricies.org;Président;AARPI MOUNET HUSSON-FORTIN
Levine;Aileen;05 09 28 02 77;nascetur.ridiculus@sempercursus.org;Président;AARPI STEERING LEGAL
Waller;Burke;08 47 79 34 91;ligula.Aenean.euismod@velconvallis.co.uk;Président;AASTRIO
Larson;Cadman;04 51 45 51 23;lorem.ut@feugiat.net;Président;AAU MASTRANDREAS
Hebert;Doris;07 73 91 07 72;laoreet.libero@euerat.net;Président;AAUPC CHAVANNES & ASSOCIES
Hoover;Orson;06 33 21 45 71;dictum@Sednulla.net;Président;AAXEN
Trujillo;Yen;01 95 11 28 68;eget.mollis@dolorvitae.org;Président;HOTEL DES ARTS CAVAIGNAC
Nicholson;Bell;05 42 53 03 50;eu.odio.Phasellus@necquam.edu;Président;HOTEL DES CHAMPS ELYSEES
Dominguez;Dominic;03 60 38 96 94;consequat.nec@etmagnisdis.com;Président;HOTEL DES CHEVALIERS
Rosales;Hector;09 40 00 31 04;varius.orci@vulputatedui.net;Président;HOTEL DES DEUX CONTINENTS
West;Jesse;01 52 87 85 85;convallis.convallis@Fuscealiquetmagna.edu;Président;HOTEL DES GRANDES ECOLES
Cooper;Sloane;08 95 06 90 55;dolor@Sedmolestie.co.uk;Président;HOTEL DES GRANDS HOMMES
Roberson;Tate;02 15 92 00 23;neque@Fusce.co.uk;Président;HOTEL DES MARRONNIERS
Bowen;Meghan;01 78 95 87 40;sociosqu.ad@nuncsitamet.org;Président;HOTEL DES MINES
Talley;Aubrey;02 21 39 20 84;nascetur@auctorvelit.co.uk;Président;SOC DES BOWLINGS NORD OUEST PARIS
Frank;Erich;09 25 56 06 30;lobortis.Class.aptent@loremut.co.uk;Président;SOC DES ETABLISSEMENTS JACQUES CHARTIER
Lester;Noelani;05 09 09 67 28;vestibulum.nec@imperdietdictum.net;Président;SOC DES ETABLISSEMENTS PIRIAC
Wilkins;Juliet;05 19 14 68 38;ipsum.primis@acarcu.com;Président;SOC DES FEMMES
Rosales;Yoko;06 44 61 63 77;a@magnis.co.uk;Président;SOC DES GENS DE LETTRES DE FRANCE
Harrell;Keegan;01 58 84 82 56;nulla.Integer.vulputate@libero.net;Président;SOC DES REALISATEURS DE FILMS
Irwin;Mohammad;02 01 08 40 14;mattis.Cras@egestasurna.com;Président;SOC DETOU
Gross;Hillary;04 85 04 77 45;natoque@laciniavitae.com;Président;SOC D'ETUDES COREDIA
Merritt;Patricia;05 17 85 32 63;tincidunt@dignissimMaecenasornare.co.uk;Président;AAYINI
Dixon;Aaron;04 14 19 41 67;magna.et@nullamagna.ca;Président;HOTEL DES NATIONS STE AME
Duke;Clarke;07 51 22 41 33;tincidunt@adlitora.ca;Président;SOC D'EXPERT COMPTABLE FIDUCIAIRE UNION
Bradford;Holmes;07 76 05 97 13;iaculis@estNunc.ca;Président;AB 26
Good;Regina;08 95 81 39 60;Nam@Fusce.edu;Président;HOTEL DES PROVINCES
Blanchard;Brady;02 82 77 25 31;sagittis.lobortis@lectus.net;Président;SOC DIDIER AARON ET CIE
Brooks;Ignatius;08 14 63 52 13;per.conubia.nostra@telluseu.com;Président;AB CONSEILS
Weeks;Cecilia;02 48 79 28 54;ullamcorper.viverra@parturientmontesnascetur.co.uk;Président;HOTEL DIANA
Bennett;Amy;09 29 69 31 49;cursus.non.egestas@Quisque.org;Président;SOC DIFFUS PROFES EXPORT MATERIEL
Dorsey;Dominic;01 93 94 96 01;nunc.id@turpis.co.uk;Président;AB ENVIRONNEMENT
Sweeney;Cullen;07 92 04 14 14;faucibus@nonenim.com;Président;HOTEL D'ORSAY
Dillard;Josiah;03 52 36 16 19;fermentum.metus@non.org;Président;SOC DISTRIBUTION PARIS GAMBETTA
Valdez;Lucy;05 05 52 64 84;eget@nequevitaesemper.net;Président;AB ET ASSOCIES
Leblanc;Rajah;02 22 25 24 78;elit@luctus.org;Président;HOTEL DRIANCOURT
Gibbs;Clarke;05 65 07 20 64;nulla.at@ullamcorpernisl.ca;Président;SOC DISTRIBUTION PARISIENNE
Norman;Wang;04 37 41 80 05;iaculis.enim@semconsequatnec.org;Président;AB HOLDING COMPAGNY
Silva;Brynne;04 37 88 14 13;et.rutrum.eu@velitduisemper.org;Président;HOTEL DU BRABANT
Savage;Dawn;09 83 92 38 00;Aliquam.ornare@Nullaeuneque.net;Président;SOC DOCUMENTS
Gibbs;Noelani;09 44 51 45 13;Ut.tincidunt@blanditenim.org;Président;AB INITIO SOFTWARE
Bradshaw;Silas;01 95 70 87 65;enim.Etiam@Infaucibus.ca;Président;HOTEL DU CASINO
Bond;Cynthia;03 42 01 57 46;In.scelerisque.scelerisque@loremsitamet.org;Président;SOC DR JEAN-PHILIPPE MALLET SELARL CHIRURGIEN DENTISTE
Mccullough;Kellie;09 61 19 91 36;facilisis@idsapien.org;Président;AB LES SEQUOIAS
Durham;Ciaran;07 22 96 48 24;velit.egestas.lacinia@duisemper.edu;Président;HOTEL DU CENTRE
Stuart;Jemima;06 59 65 05 07;magna@rutrumjustoPraesent.edu;Président;SOC DU CULTE TRADITIONNEL ISRAELITE
Roy;Brenna;06 05 78 51 96;aliquam@arcu.edu;Président;AB MAISON CONFORT
Roth;Helen;09 15 31 93 98;urna.justo@risusQuisquelibero.net;Président;HOTEL DU COLLEGE DE FRANCE
Mason;Latifah;09 79 08 79 73;mauris@Utsagittislobortis.ca;Président;SOC ECOLE INTERNATIONALE DE THEATRE JACQUES LECOQ
Burgess;Griffin;08 06 35 86 61;ligula@sed.net;Président;AB MARCADET-DAUTANCOURT (SELARL)
Yates;Michael;08 75 22 04 27;turpis.egestas@nequeInornare.ca;Président;HOTEL DU JARDIN DES PLANTES
Michael;Deborah;04 31 66 77 44;mollis.Duis.sit@Nulla.com;Président;SOC EDEN HOTEL
Solomon;Acton;07 50 58 54 11;feugiat@litora.org;Président;AB NETTOYAGE ET SERVICES
Wong;Suki;07 08 01 34 84;amet@fermentum.ca;Président;HOTEL DU JEU DE PAUME
Hodges;Fatima;01 30 78 35 03;ut.erat@Maurisblanditenim.org;Président;SOC EDITION DOCUMENT AGRICOL
King;Chaney;06 17 85 00 96;odio@Phasellusvitaemauris.ca;Président;AB PROJECT
Mercado;Ivy;06 57 25 38 57;egestas.Duis.ac@et.edu;Président;HOTEL DU LION
Herrera;Upton;02 08 69 84 79;dictum.mi@sit.net;Président;SOC EDITIONS ILYFUNET
Oneill;Fallon;04 81 89 30 24;a.nunc.In@ultricesiaculis.org;Président;AB&AM PARTNERS
Howell;Channing;08 72 36 19 68;nec@scelerisquemollisPhasellus.edu;Président;HOTEL DU LUXEMBOURG
Foster;Howard;05 64 92 75 97;egestas.urna.justo@Fuscefermentumfermentum.ca;Président;SOC EDMOND PETIT NEGOCE TISSU
Griffith;Regan;08 23 03 28 02;nec@a.org;Président;AB2H SARL
Mcfarland;Sheila;03 25 92 42 39;ut@liberolacusvarius.org;Président;HOTEL DU MARAIS HOME
Madden;Quinn;04 00 91 63 31;luctus.aliquet@eleifendnunc.net;Président;SOC ELECTRICITE BATIMENT INDUSTRIE
Love;Victor;09 45 75 08 13;nibh@vitaeeratvel.com;Président;ABA DAN DEPANN
Ferguson;Adam;09 48 09 52 57;Vestibulum.ante@cursus.org;Président;HOTEL DU MINISTERE
Calhoun;Hilary;01 94 44 66 53;eu@euturpis.org;Président;SOC ELYSEES STYLOS MARBEUF
Moody;Benedict;01 57 97 52 92;libero.dui.nec@sapien.ca;Président;ABAC CONCEP INVESTIGATIONS
Hancock;Savannah;02 09 59 94 55;Aliquam.auctor@facilisisfacilisis.net;Président;HOTEL DU MOULIN RUE FONTAINE
Sharp;Fulton;07 30 25 00 45;sapien@orci.ca;Président;SOC EST HOTEL
Holder;Lane;09 85 60 34 50;Fusce.mollis.Duis@Crasdictum.edu;Président;ABACA MESSIDOR HOTEL
Serrano;Iris;04 49 24 59 69;a.feugiat@eu.edu;Président;HOTEL DU NORD ET DE L'EST
Solomon;Nigel;09 13 88 19 91;risus.varius.orci@ipsumac.ca;Président;SOC ETABL COUSTOU COULEURS  S0
Solomon;Nathan;01 83 34 71 57;ultrices@justosit.edu;Président;ABAKA & CO
Branch;Logan;08 98 88 85 15;Morbi@tinciduntorci.com;Président;HOTEL DU PANTHEON
Howard;Kamal;06 86 12 26 15;tellus.Nunc.lectus@fermentummetus.ca;Président;SOC ETABLISSEMENTS MONCASSIN
Ferrell;Gage;07 97 22 41 83;turpis.nec@sitamet.net;Président;ABAKUS SECURITE
Greene;Wayne;09 76 18 65 11;eu.tellus.Phasellus@Quisqueimperdiet.net;Président;HOTEL DU PARC
Rosario;Savannah;02 24 47 61 88;pede@ridiculus.net;Président;SOC ETS CHADEFAUX
Rollins;Jack;01 58 09 40 74;vitae.odio.sagittis@cursusnon.org;Président;ABATAEL SERVICES
Douglas;Rowan;08 64 39 09 71;tincidunt@loremegetmollis.co.uk;Président;HOTEL DU PLAT D ETAIN
Gonzales;Katell;07 27 50 17 07;purus.accumsan.interdum@Proin.edu;Président;SOC ETUD REALISATION GRAPHIQ
Ramsey;Christen;04 62 90 69 97;eu@Nuncmauriselit.edu;Président;ABBYY FRANCE
Thornton;Jerome;04 42 28 06 86;nulla.Donec@pharetraNamac.ca;Président;HOTEL DU PRINTEMPS REST
Mcfarland;Anastasia;04 18 77 41 73;tortor.Nunc.commodo@interdumlibero.com;Président;SOC ETUDE FINANCIERE COMPTABLE
Snow;Quinlan;03 32 34 85 67;et@elit.org;Président;ABC ACCESSOIRES
Mcneil;Jin;07 24 67 39 75;porttitor.vulputate.posuere@a.edu;Président;HOTEL DU QUAI VOLTAIRE
Peck;Harlan;09 20 31 27 76;risus.varius@a.com;Président;SOC ETUDES FISCALES JURIDIQUES
Mcleod;Joelle;08 69 51 39 54;arcu.Vivamus@nec.org;Président;ABC DU COIFFEUR 5 (L')
Oliver;Olympia;08 94 45 77 98;Vivamus.rhoncus.Donec@Cumsociisnatoque.net;Président;HOTEL DU QUATRIEME ARRONDISSEMENT
Taylor;Marcia;07 67 86 51 90;odio.auctor.vitae@dictumcursus.edu;Président;SOC EUROPEENNE DE VENTE
Potter;Shafira;02 46 63 70 21;aliquet.diam.Sed@sollicitudinorcisem.net;Président;ABC EDOUARD PEINTURE
Kelly;Talon;01 85 58 62 23;enim@mauris.com;Président;HOTEL DUHESME
Peterson;Ulysses;09 53 76 39 27;facilisis@Aeneanegestashendrerit.co.uk;Président;SOC EXACT
Morin;Allistair;07 23 59 67 53;ultricies.sem@volutpatnunc.ca;Président;ABC FENETRES
Noel;Gemma;06 12 39 34 82;Sed.diam.lorem@nonenim.ca;Président;HOTEL DUMONT BLANC
Booker;Blossom;06 05 01 46 06;Fusce.aliquet@viverraMaecenasiaculis.net;Président;SOC EXPL DE LA LIBRAIRIE JONAS
Hendricks;Kevin;07 39 14 75 72;In.nec@nibhlacinia.ca;Président;ABC MARKETING
Parsons;Neve;02 47 47 61 32;arcu.Curabitur@iaculisaliquetdiam.co.uk;Président;HOTEL DUPLEX SUFFREN
Foley;Wallace;08 88 64 35 25;odio@iaculisenimsit.com;Président;SOC EXPL ETS FERNANDEZ
Norman;Stephanie;01 55 32 30 27;iaculis.aliquet@Suspendissenon.net;Président;ABC PORTAGE SERVICES
Lamb;Yolanda;01 60 78 31 37;dolor.dapibus.gravida@pede.ca;Président;HOTEL DUQUESNE
Irwin;Brielle;01 03 15 61 57;convallis.est@utpharetrased.com;Président;SOC EXPL HOTEL CLUNY SQUARC
Lambert;Dalton;01 17 25 75 92;lorem.tristique@fermentumconvallis.org;Président;ABC+
Middleton;Jarrod;09 85 29 10 58;vitae@amagnaLorem.ca;Président;HOTEL EIFFEL SEGUR
Holder;Julie;05 94 33 74 92;turpis@adipiscing.co.uk;Président;SOC EXPLOIT DISTRIB PRODUIT AL
Bryan;Shana;08 40 71 90 11;sodales.nisi.magna@ac.org;Président;ABCD
Mcgowan;Penelope;02 24 11 57 79;venenatis.a.magna@Curabituregestas.edu;Président;HOTEL EIFFEL TROCADERO
Terrell;Abra;03 53 82 47 53;Sed@hendreritidante.net;Président;SOC EXPLOITATION ETS SOUQUAN
Moore;Roary;03 77 57 27 35;faucibus.leo.in@auctornunc.co.uk;Président;ABCD
Chang;Charlotte;09 82 80 98 72;pede.Praesent.eu@indolorFusce.edu;Président;HOTEL EIFFEL XV
Puckett;Diana;09 39 41 08 53;purus.accumsan.interdum@sitametluctus.org;Président;SOC EXPLOITATION GROUPE FERTEL
Finch;Abbot;07 47 92 59 05;odio.a.purus@vitaeorci.edu;Président;ABC-LIV
Peck;Brynne;01 39 30 99 08;sit.amet.massa@enimsitamet.org;Président;HOTEL ELYSEES BASSANO
Mcgowan;Hayden;02 37 90 54 28;auctor.ullamcorper@odiosagittissemper.net;Président;SOC EXPLOITATION MERSON
Daugherty;Caleb;05 04 39 87 69;Nullam@sem.com;Président;ABD EXPANSION
Hahn;Randall;03 12 21 92 63;Curabitur@ante.com;Président;HOTEL EMPIRE
Osborne;Minerva;02 17 81 42 07;lacus@sitametrisus.com;Président;SOC EXPRESS BAR CHAMPS ELYSEES
Jimenez;Fitzgerald;03 85 04 56 83;Aliquam@semPellentesqueut.net;Président;ABDI
Juarez;Forrest;05 97 65 63 51;porta@ataugueid.net;Président;HOTEL ETOILE TROCADERO
Reynolds;Chelsea;09 58 47 27 27;Donec@Namligulaelit.edu;Président;SOC FAIT BRUEL ET DELMAS
Fischer;Guinevere;04 52 31 64 61;faucibus@sociisnatoque.net;Président;ABDP CONSEILS
Morse;Acton;05 51 53 46 18;nulla.vulputate.dui@pede.co.uk;Président;HOTEL ETOILE WAGRAM
Le;Lucian;06 64 36 59 26;eu.tellus.eu@erosturpis.ca;Président;SOC FAW
Everett;Ray;09 08 21 46 55;porttitor@erateget.co.uk;Président;ABEILLE DRAPEAUX EX BERTHOU
Oconnor;Elizabeth;08 33 35 96 26;mattis@vel.com;Président;HOTEL EUROPE SAINT SEVERIN
Marks;Yardley;03 99 96 63 03;risus.Donec@Donec.ca;Président;SOC FIDUCIAIRE DE LUYNES
Bauer;Rylee;08 03 31 26 23;est.arcu.ac@Nam.net;Président;ABEILLE IMMOBILIER
Santana;Tara;07 78 83 10 08;purus.Duis.elementum@consectetuer.org;Président;ABELIA SOCIETE NOUVELLE
Chambers;Keaton;05 87 02 23 96;Vivamus@ipsumprimis.net;Président;HOTEL EXCELSIOR
Green;Stuart;04 73 84 26 07;Nulla@pharetra.edu;Président;HOTEL EXCELSIOR OPERA
Ayala;Rama;04 44 20 99 73;Phasellus.elit@Craseutellus.org;Président;SOC FIDUCIAIRE REVISION CONTROLE GESTION
Wynn;August;08 59 28 30 70;ornare.sagittis@utlacus.org;Président;SOC FINANCIERE ET IMMOBILIE PETROFRANCE
Kramer;Benedict;01 52 08 14 62;lectus.quis@imperdieteratnonummy.net;Président;ABERGEL ET ASSOCIES
Gamble;Halee;03 36 87 90 65;lectus@Nuncmauris.edu;Président;HOTEL FLANDRE LES TROIS COLLEGES
Mathis;Tanner;07 76 78 64 12;Duis@quis.net;Président;SOC FINANCIERE INDUST COMMERCIAL IMMOBIL
Flowers;Sandra;01 98 23 01 74;Nullam@loremutaliquam.net;Président;ABG PARTNERS
Willis;Flynn;02 15 89 88 70;rutrum.lorem.ac@arcueu.edu;Président;HOTEL FRANCE ALBION
Mcpherson;Roanna;07 51 01 64 59;iaculis.nec.eleifend@sem.com;Président;SOC FR D'EQUIPEMENT HOSPITALIER
Blackwell;Rhiannon;04 42 65 28 69;Donec.vitae.erat@Crasdictum.org;Président;ABHEURT
Webb;Zelenia;06 07 83 62 66;ipsum.cursus@sapienmolestieorci.edu;Président;HOTEL GAVARNI
Odom;Gwendolyn;04 66 61 02 24;dictum.eu.eleifend@metusIn.org;Président;SOC FR INVESTI IMMOBIL INDUSTRIELS
Castaneda;Dorothy;06 24 99 61 89;Sed.eu.nibh@Donecnonjusto.org;Président;ABIHSSIRA
Carroll;Igor;05 47 61 49 53;elit@acipsum.edu;Président;HOTEL GEORGE
Klein;Cheryl;03 36 81 96 89;iaculis@consequatauctornunc.org;Président;SOC FRANC DE PHYSIQUE
Sullivan;Iliana;08 41 58 61 70;ut@ligula.edu;Président;ABITAN SERVICES
Hester;Xena;05 74 62 57 71;auctor.quis.tristique@pede.com;Président;HOTEL GEORGE WASHINGTON
Wilder;Felix;08 82 00 62 80;Integer.vitae.nibh@inaliquetlobortis.net;Président;SOC FRANC OPTIQUE LUNETTERIE
Kline;Jordan;02 55 10 92 97;Integer@Sednulla.ca;Président;ABITBOL 5 SARL
Herring;Theodore;09 57 11 65 70;orci.Ut@feugiatLorem.edu;Président;HOTEL GRAMONT
Mccarty;Quemby;07 50 37 46 04;Suspendisse.aliquet@vitaenibh.edu;Président;SOC FRANCAISE D OPHTALMOLOGIE
Jones;Roanna;06 71 12 89 72;ac.fermentum.vel@nuncsitamet.ca;Président;ABIVAX
Merrill;Demetria;04 84 71 85 53;a@congueInscelerisque.co.uk;Président;HOTEL HELUSSI
Thomas;Kylee;07 77 79 96 59;orci.lacus@aarcu.com;Président;SOC FRANCAISE DE CARDIOLOGIE
Mejia;Owen;09 63 18 63 34;Curae@posuereenim.net;Président;ABM
Nicholson;Mannix;05 49 67 63 33;Phasellus@sitametmetus.net;Président;HOTEL HENRI IV
Wright;Jermaine;07 85 37 12 08;felis.eget@feugiatmetus.edu;Président;SOC FRANCAISE DE TEXTILES
Delgado;Paula;04 09 83 57 65;non.egestas.a@consectetuer.com;Président;ABM ALIMENTATION
Brady;Britanney;01 30 88 50 62;Sed.eget.lacus@Morbi.ca;Président;HOTEL IMPERIAL
Herring;Colorado;02 21 99 46 21;ipsum.Phasellus@Donecdignissimmagna.net;Président;SOC FRANCAISE FOYERS ECONOMIQUES
Bradford;Yoshio;08 87 42 45 18;nunc@orciluctuset.com;Président;"""SPINOSI, SUREAU"" SOCIETE CIVILE PROFESSIONNELLE D'AVOCATS ASSOCIES AUPRES DU CONSEIL D'ETAT ET DE LA COUR DE CASSATION"
Kinney;Cain;04 60 15 88 83;Cras.convallis@pede.co.uk;Président;202 ECOMMERCE
Stout;Logan;07 02 96 22 82;accumsan.neque.et@pellentesque.net;Président;3 AY
Faulkner;Tate;07 55 00 69 90;Cras@mollisIntegertincidunt.org;Président;A 5 A ARCHITECTES
Dawson;Camden;01 69 75 86 69;Ut@nisl.org;Président;ABM ORKESTRA
Solomon;Tallulah;01 97 13 52 64;natoque@eleifend.edu;Président;HOTEL ISTRIA
Cooper;Xenos;07 26 58 05 09;elit@auctorMauris.net;Président;SOC FRANCAISE MICROBIOLOGIE
Mcknight;Declan;02 45 96 52 73;ullamcorper.Duis@habitantmorbitristique.ca;Président;&SENS
Cantu;Tyrone;02 76 49 05 96;vulputate.dui.nec@odioEtiamligula.co.uk;Président;208 GRENELLE
Sweet;Ann;04 47 08 82 63;et.magnis.dis@tempor.com;Président;3 BIS ARCHITECTURE INTERIEURE
Davis;Karen;01 67 28 76 22;ultricies.ligula.Nullam@Incondimentum.com;Président;A A FERARU
Henry;Chancellor;07 83 78 80 11;arcu.imperdiet@turpis.org;Président;ABMO
Soto;Clark;03 60 90 94 10;nisi.dictum.augue@Maurisutquam.com;Président;HOTEL JARDIN DE CLUNY
Stephenson;Quamar;04 84 01 28 52;lacus@aliquetsem.com;Président;SOC FRANCAISE NETTOYAGE
Hahn;Elvis;07 26 93 07 54;augue.eu.tellus@Sed.net;Président;@ NET.LIVE
Snyder;Dakota;09 57 30 40 07;fames.ac@semper.com;Président;@MARK
Pugh;Ishmael;06 29 51 06 66;Fusce.fermentum@pedeac.ca;Président;217 RP
Mathews;Geraldine;05 96 51 63 17;metus@ac.ca;Président;22Â°
Powell;Autumn;08 74 99 50 74;turpis@sodaleseliterat.org;Président;3 IC INTERNATIONAL
Hansen;Lacy;05 82 23 82 62;vulputate.posuere.vulputate@erosnec.net;Président;3 KLES CONSULTING
May;Imelda;05 09 56 79 87;aliquet@magnisdis.net;Président;A A Z ELECTRICITE
Rojas;Brooke;09 25 01 09 59;a.felis@Quisquelibero.net;Président;A B DEVELOPPEMENT
Cooke;Kadeem;09 51 21 81 54;nec.orci.Donec@sapien.ca;Président;ABP GROUPE
Contreras;Lael;07 35 07 63 51;velit.Cras.lorem@luctuslobortisClass.co.uk;Président;ABR
Calderon;Chase;03 86 19 26 67;ultricies.dignissim.lacus@velitinaliquet.net;Président;HOTEL JOKE
Kerr;Winter;09 11 50 10 94;tempus@vulputate.com;Président;HOTEL JUGE
May;Fletcher;07 75 37 71 77;velit.Aliquam@Curabiturdictum.net;Président;SOC FRANCAISE PROMOTION ARTISTIQUE
Lucas;Lunea;09 36 45 07 78;sed@sit.org;Président;SOC FRANCAISE TRANSPORTS GONDRAND FRERES
Becker;Garrison;02 19 29 47 66;egestas@utlacusNulla.com;Président;01NET MAG
Aguilar;Merritt;04 99 13 47 96;Cras.eu.tellus@adipiscingelit.co.uk;Président;10 MESSINE
Wilkerson;Carter;05 93 49 47 45;magna@Vivamuseuismodurna.ca;Président;100 000 ENTREPRENEURS
Ramsey;Harlan;04 25 96 86 96;risus.varius.orci@fringillaestMauris.org;Président;100% SERVICES PARIS
Holman;Harrison;08 94 82 83 57;cubilia@urnaet.edu;Président;100%ZEN
Ortega;Brady;07 90 23 66 27;Sed.nunc@Aliquam.co.uk;Président;22FSP
Larsen;Britanni;06 08 71 85 84;feugiat.non@Cras.edu;Président;23 DE ENERO
Craig;Elvis;05 53 51 94 93;arcu@enimCurabitur.net;Président;24 IP LAW GROUP FRANCE
Madden;Yuli;02 17 88 30 54;odio.semper.cursus@ut.com;Président;24/7 MEDIA
Brady;Tiger;05 10 52 91 96;scelerisque.neque.Nullam@risusNullaeget.co.uk;Président;2A
Cote;Rebecca;05 89 40 85 06;Donec@sitametfaucibus.co.uk;Président;3 KLES SERVICES
Hebert;Valentine;03 70 80 65 50;velit@sociisnatoquepenatibus.co.uk;Président;3 L EXPERT
Nguyen;Russell;06 93 90 60 23;et@famesac.com;Président;3 V FINANCE
Dyer;Silas;08 51 42 27 97;sem.mollis.dui@porttitor.net;Président;30 PARIS SAUFFROY
Gibson;Donna;09 37 62 05 04;Suspendisse.dui.Fusce@necmalesuadaut.com;Président;310 SAINT HONORE
Hancock;Laurel;06 76 12 93 26;nisi.Cum.sociis@sit.edu;Président;A C B POINT CARTOUCHES
Potter;Merritt;06 52 02 29 71;vel.faucibus@CraspellentesqueSed.co.uk;Président;A C C
Wilkinson;Quyn;05 57 35 17 21;metus.vitae@risusat.com;Président;A C C OPTIC
Mcgee;Ebony;06 42 92 27 03;nunc.sit.amet@ipsum.com;Président;A C F G
Neal;Alexa;09 15 38 31 73;accumsan.convallis@orciadipiscing.org;Président;A C S  FRUITS
Robertson;Warren;08 41 31 49 81;ac@imperdietnec.com;Président;ABRACADABRA
Little;Rigel;01 38 37 04 80;libero.at@consectetuer.edu;Président;ABRD
Harrell;Leroy;09 41 91 44 69;dis.parturient@Cumsociis.co.uk;Président;ABSOLUT SCOOT
Fuller;Samuel;05 14 87 24 71;vestibulum@blanditcongueIn.co.uk;Président;ABSOLUTE OFFICE
Mayo;Maggy;02 70 85 07 99;consectetuer.adipiscing.elit@egestasligulaNullam.ca;Président;ABSOLUTE PC
Hansen;Wayne;06 37 50 36 16;eget@pellentesque.com;Président;HOTEL KENSINGTON
Shepard;Karyn;08 10 82 44 20;ligula.Nullam@Cras.com;Président;HOTEL LA BOURDONNAIS
Ferguson;Charlotte;01 77 91 46 92;malesuada.fames.ac@purussapien.com;Président;HOTEL LA PERLE DE PARIS
Conley;Hamish;02 66 43 04 54;fringilla@nonummy.org;Président;HOTEL LANGLOIS SA
Talley;Diana;04 25 55 09 49;sit@volutpatornarefacilisis.co.uk;Président;HOTEL LE LAPIN BLANC
Kline;Rhoda;09 95 77 85 44;in.lobortis.tellus@sedsem.edu;Président;SOC FRANCK ET FILS
Wolf;Thor;05 01 24 67 41;bibendum.ullamcorper@aliquetmolestie.org;Président;SOC FUSA PROTECTION
George;Elaine;05 93 34 04 57;ipsum.dolor.sit@enimcommodohendrerit.org;Président;SOC GARAGE SAINT GEORGES
Sanchez;Nathaniel;05 05 86 99 07;Quisque.ac.libero@nonummyipsum.co.uk;Président;SOC GENACO
Fisher;Gage;04 65 73 73 98;velit.Pellentesque@ipsumporta.com;Président;SOC GEORGES MONET
Owens;Demetria;02 01 95 04 78;sagittis.semper.Nam@orciUt.net;Président;1000 ET UNE COURSES
Blair;Allistair;03 64 23 36 31;at@facilisisSuspendisse.ca;Président;2B FINANCE ET CONSEILS
Sexton;Cyrus;03 55 50 80 32;sed.leo@leoin.net;Président;32 HOCHE
Cox;Shad;08 61 61 31 35;torquent.per@risusIn.edu;Président;A D H SAINT CIRE
Robbins;Wynne;08 37 66 65 18;tincidunt@accumsan.co.uk;Président;ABSOLUTE SCOOTERS
Campos;Miranda;01 90 37 91 49;purus.gravida@urnanecluctus.ca;Président;HOTEL LE MULHOUSE
Clements;Kyla;01 07 68 99 20;lectus@ProindolorNulla.net;Président;SOC GESTION D'ESPACES EVENEMENTIELS
Hall;Gary;01 47 66 19 49;purus.accumsan@vitaedolor.edu;Président;100EME ETAGE
Dudley;Ryder;01 42 67 73 73;dolor@orcilobortis.org;Président;2CLN
Sears;Freya;07 68 82 65 00;ultrices.mauris.ipsum@necquam.net;Président;33 RUE LA FAYETTE TENANT SAS
Daniel;Ivory;07 99 50 17 58;imperdiet.ullamcorper@orciUt.ca;Président;A D NOVA
Odom;Allistair;07 68 90 66 31;lacus.varius@blandit.co.uk;Président;ABSTRIUM
Bowers;Iona;05 67 76 78 07;Aliquam.erat@magnaPraesent.co.uk;Président;HOTEL LE SWANN
Crane;Oleg;04 98 60 78 41;per.inceptos.hymenaeos@sapienAenean.com;Président;SOC GESTION DU LUTETIA
Odonnell;Daphne;07 97 93 18 43;natoque.penatibus@pharetra.edu;Président;109*
Mueller;Reed;04 87 51 73 39;erat@consectetuerrhoncus.org;Président;2DKS
Reese;Rinah;08 80 13 27 79;nascetur.ridiculus.mus@Donectemporest.ca;Président;360 CAPITAL PARTNERS
Church;Yoshi;07 69 76 64 64;lobortis@aliquam.org;Président;A DEMAIN
Dunlap;Quynn;05 21 37 68 93;nulla.Cras@nonummy.org;Président;ABTO
Prince;Jane;03 15 62 95 23;nascetur.ridiculus.mus@Donec.ca;Président;HOTEL LENA
Yang;Beck;09 56 77 99 54;feugiat.non.lobortis@dolordapibusgravida.ca;Président;SOC GESTION REALISATION COMPTABLE
Sweeney;Eagan;07 83 76 90 85;urna.suscipit@leo.net;Président;12 Z
Colon;Chava;02 26 90 68 62;pede.Nunc@lacuspede.ca;Président;2GY
Hopkins;Maxine;09 52 20 18 82;euismod@quis.co.uk;Président;369 SASU
Olsen;Wynter;01 62 98 34 25;vitae@Curabitursed.ca;Président;A E P STE MARTHE
Mcknight;Aileen;04 81 54 09 53;Donec@vitaemauris.com;Président;ABTRADE
Reilly;Destiny;04 16 03 14 08;turpis.Nulla@nullaante.ca;Président;HOTEL LEOPOLD
Burnett;Allistair;05 52 66 17 81;pellentesque.massa.lobortis@famesacturpis.com;Président;SOC GRAND GARAGE DU FAUBOURG
Wright;Hedy;04 23 43 89 94;magna@nullaDonec.co.uk;Président;123 APPLICATIONS SARL
Cochran;Damian;09 45 13 14 27;a.purus.Duis@egetvolutpatornare.net;Président;2HAMIAU
Conway;Castor;09 44 65 03 29;nunc@feugiatplacerat.org;Président;37 LOGISTICS
Mcbride;Zenaida;03 57 49 08 49;iaculis@est.edu;Président;A ET B ARCHITECTES
Lane;Omar;07 96 10 99 74;amet@nibh.edu;Président;ABUSTY
Bell;Julian;06 33 24 61 66;ullamcorper.nisl@justo.net;Président;HOTEL LIBERIA
Stewart;Jolene;04 31 02 63 30;nisl@atvelitPellentesque.edu;Président;SOC GRAND HOTEL DE PARIS
Cervantes;Margaret;08 43 29 79 39;aliquam@magnaNam.co.uk;Président;123BILLETS
Pitts;Kameko;02 65 61 53 48;elementum@Nuncsollicitudin.co.uk;Président;2L BATIMENT
Cabrera;Rebecca;01 12 98 49 35;orci@tempor.org;Président;3977 CONTRE LA MALTRAITANCE
Carney;Gail;05 90 86 26 76;Donec.est@non.org;Président;A ET L 15
Walters;Lyle;09 89 57 10 76;sociosqu.ad@mus.co.uk;Président;ABV CONSULTANTS
Blevins;Bruno;01 26 06 84 60;nunc@arcu.com;Président;HOTEL LITTRE
Carey;Byron;06 37 18 12 31;sem@semperNamtempor.co.uk;Président;SOC GRAND HOTEL LAFAYETTE BUFFAULT
Ramos;Aaron;05 87 11 53 30;vitae@asollicitudin.ca;Président;137 BLVD
Noble;Barry;07 53 99 06 16;iaculis@lectuspedeet.ca;Président;2L RESTO
Hicks;Kenneth;04 23 77 16 54;elementum.dui@diamloremauctor.ca;Président;3A CONSEIL
Love;Oliver;03 68 09 90 82;augue.eu.tempor@dolor.net;Président;A ET L7
Madden;Charlotte;06 24 19 34 04;aliquet.Phasellus.fermentum@portaelit.ca;Président;ABV LEGAL
Camacho;Omar;01 46 21 84 96;ipsum.primis@auctor.com;Président;HOTEL LOUISON
Cobb;Hop;05 15 56 90 67;metus@sollicitudincommodoipsum.com;Président;SOC GRAND HOTEL MODERNE
Albert;Ria;07 12 69 56 80;taciti.sociosqu@Donectemporest.ca;Président;14 TRANS
Daniel;Micah;08 66 89 43 96;massa.rutrum.magna@semsempererat.ca;Président;2M & ASSOCIES
Montgomery;Ursula;01 95 34 28 80;nec.ligula.consectetuer@congueIn.ca;Président;3A DEVELOPPEMENT
Hale;Erin;06 96 39 04 03;Cras@utmolestie.edu;Président;A F M D
Vaughan;Adam;06 20 58 05 47;metus@lacinia.edu;Président;ABVENT R & D
Watkins;Leroy;08 64 81 75 65;cubilia@seddolor.co.uk;Président;HOTEL LOUVRE RIVOLI
Garza;Sean;06 77 29 97 26;adipiscing.elit.Etiam@Duisami.net;Président;SOC GRAND HOTEL UNIVERS
Cotton;Kiara;08 32 67 60 01;nisi.a@Nuncac.net;Président;142 CREPERIE CONTEMPORAINE
Nunez;Ursa;03 46 42 35 29;ipsum.nunc.id@luctus.com;Président;2MA OPTIQUE
Ortega;Kai;09 78 12 73 16;Etiam.imperdiet.dictum@ligulaAliquamerat.org;Président;3AO PATRIMOINE EXPERTISE
Simmons;Perry;01 90 21 31 12;Suspendisse@imperdieteratnonummy.edu;Président;A FORTIORI
Caldwell;Wing;07 27 73 23 63;mauris.sapien@vitaealiquam.ca;Président;ABY PIZZA
Nixon;Keely;05 77 65 88 48;quis.pede.Suspendisse@vulputateullamcorpermagna.org;Président;HOTEL MADELEINE HAUSSMANN
Norris;Jacob;02 14 36 97 63;netus.et@duiaugueeu.edu;Président;SOC HELP TAXIS
Sparks;Flavia;02 95 02 09 26;eleifend.nunc.risus@vitae.edu;Président;1630 CONSEIL
Cervantes;Geoffrey;05 61 03 17 75;Morbi@sedleo.org;Président;2MDA
Mills;Marny;03 76 76 03 95;Duis@Quisqueporttitor.org;Président;3C ASSOCIES
Sharp;Kieran;05 97 46 42 76;a.mi.fringilla@interdumCurabiturdictum.org;Président;A G H
Rios;Rachel;09 70 45 25 84;sodales.nisi@neceleifendnon.net;Président;ABYS MARKET
Preston;Sheila;05 68 14 79 78;pharetra.Nam@eu.ca;Président;HOTEL MADELEINE PLAZA
Fischer;Prescott;08 87 77 58 76;quam.elementum@consectetuer.ca;Président;SOC HISTOR LITTER POLONAISE
Curry;Harper;03 05 63 22 94;convallis.in.cursus@ante.ca;Président;19 JEAN JAURES
Cannon;Alea;08 81 60 95 02;magnis.dis@urnaet.com;Président;19 MAI PRESSE
Fowler;Zeus;06 82 21 03 88;primis.in@tempuseuligula.org;Président;2MM
Ferguson;Ruth;05 84 55 62 28;litora.torquent@pellentesque.com;Président;2MOSS
Hess;Harrison;03 45 75 83 81;sem@venenatislacusEtiam.org;Président;3C AVOCATS
Cobb;Julian;09 08 90 76 09;Curabitur.massa.Vestibulum@arcuacorci.ca;Président;3CSDIS
Calhoun;Herman;04 43 52 46 50;Phasellus.elit@lorem.net;Président;4 D
Stein;Hu;07 58 87 61 47;tincidunt.vehicula.risus@euarcu.ca;Président;4 EN 1
Welch;Colby;04 85 21 32 46;mus.Proin@nibhQuisque.net;Président;A GOOD START IN FRANCE
Burton;Mariko;06 30 16 58 62;rhoncus@Fusce.edu;Président;A HOUSE OF PRINT
Knowles;Quinn;05 21 69 32 32;nibh.Quisque@utsemNulla.co.uk;Président;AC L'EDEN
Mccullough;Indira;06 45 79 91 56;dapibus.rutrum.justo@netuset.com;Président;AC M&S
Crane;Xenos;05 23 54 28 32;sed.consequat@Integertincidunt.net;Président;HOTEL MARAIS GRANDS BOULEVARDS
Morris;Isaac;09 69 14 23 61;Curabitur@vitaealiquetnec.org;Président;HOTEL MARCEAU BASTILLE
Ballard;Kylee;04 46 86 14 11;Aliquam.erat.volutpat@Aliquam.org;Président;SOC HOBAL
Olsen;Steven;08 75 51 32 22;mauris.Integer@ametultriciessem.com;Président;SOC HOTEL AMINA
Ball;Damian;03 95 01 94 59;in.consectetuer@interdum.com;Président;1PAX
Lowe;David;06 44 67 74 75;nibh@ultrices.ca;Président;2MY+
Silva;Tatyana;05 78 05 74 41;ac@Integer.edu;Président;3D MAQ
Castillo;Raymond;03 02 07 77 47;per.conubia.nostra@enimconsequat.org;Président;4 F INTERNATIONAL
Robinson;Randall;07 00 89 41 97;natoque@magnanecquam.edu;Président;A I R F L E X
Watkins;Chastity;03 22 39 99 93;placerat@ac.edu;Président;AC MONTPARNASSE
Flores;Yoko;07 19 99 48 03;enim.mi@ipsumSuspendisse.co.uk;Président;HOTEL MAXIM QUARTIER LATIN
Martinez;Hashim;08 58 80 01 83;Cras.lorem@magnisdis.net;Président;SOC HOTEL AVIA
Ramirez;Alisa;03 57 03 07 09;ante.ipsum.primis@sem.org;Président;2 A RESTAURANTS
Griffin;Gil;09 52 87 67 79;aliquet.vel@dictum.org;Président;2PMD AUSTRALIA
Wilkinson;Joshua;06 75 86 08 56;amet@orciadipiscingnon.net;Président;3D SOFT
Bowers;Kirestin;09 04 09 22 73;a.sollicitudin.orci@tristique.org;Président;4 MY PEOPLE
Langley;Regina;03 51 87 57 00;lobortis.nisi.nibh@nunc.co.uk;Président;A J C INGENIERIE
Rivas;Hilda;05 26 46 63 85;nibh.sit@egestasDuis.net;Président;AC SUCRE
Workman;Regina;05 25 06 66 44;eu.odio@sitametante.edu;Président;HOTEL MAYFAIR
Keith;Mariko;08 99 36 03 21;Fusce@tortoratrisus.net;Président;SOC HOTEL BALMORAL
Gilbert;Ryder;08 30 78 42 33;dui.Fusce@musAenean.edu;Président;2 B O
Pace;Uriah;09 97 46 00 66;erat.Vivamus.nisi@dictum.com;Président;2 C FINANCE
Carter;Willa;08 17 32 20 34;Maecenas.iaculis@duilectusrutrum.ca;Président;2THELOO FRENCH GROUP
Sanders;Oliver;05 53 62 04 53;id.enim.Curabitur@et.ca;Président;2Y MEDIA
Hall;Shad;03 75 01 17 08;dictum.eleifend@Nunccommodo.co.uk;Président;3H
Martinez;Alexis;06 23 70 65 38;felis@non.org;Président;3P1C
Cobb;Xander;08 47 36 83 65;Pellentesque.ultricies.dignissim@mauris.net;Président;4 ROUES SOUS 1 PARAPLUIE SAS
Sweeney;Eden;07 48 43 41 58;ante.dictum@etrisus.ca;Président;4 SUCCESS
Larson;Philip;01 50 99 75 26;ante.dictum@lacusQuisque.co.uk;Président;A JAMAIS LES PREMIERS
Rush;Pandora;09 40 40 19 30;nonummy.Fusce.fermentum@odiosagittis.co.uk;Président;A K SARL
Ward;Adrian;02 30 26 69 37;massa@feugiatnonlobortis.edu;Président;AC&O
Estrada;Lara;07 53 00 97 22;facilisis.non@velpede.net;Président;ACACIAS ETOILE
Espinoza;Ramona;07 28 69 08 88;vel@nonmagna.net;Président;HOTEL MERCEDES
Logan;Linda;04 49 47 76 44;semper.auctor.Mauris@milorem.com;Président;HOTEL MESLAY REPUBLIQUE
Brock;Eve;06 64 12 53 24;Pellentesque.ut.ipsum@necanteblandit.ca;Président;SOC HOTEL BELFAST
Gaines;Dean;04 35 29 42 99;sem@aodio.ca;Président;SOC HOTEL BRESCIA
Brooks;Ferdinand;09 03 53 26 98;at.augue@sem.org;Président;2 CF NET
Rosario;Ruth;07 81 83 15 74;tincidunt.adipiscing@vitaemauris.ca;Président;3PR SARL
Stephenson;Maxine;01 02 22 99 49;nisi@hymenaeosMaurisut.net;Président;43 MONTMARTRE
Buckley;Heidi;05 99 35 43 88;a.purus.Duis@faucibusorci.org;Président;A LA BONNE HEURE
Walters;Price;03 64 11 63 23;diam.eu@placerat.ca;Président;ACADEMEIE MUSICALE DU 13EME  ARRT
Dillard;Preston;09 84 57 13 78;mauris@magnaNamligula.net;Président;HOTEL MICHEL MONTPARNASSE
Avery;Zia;05 65 03 86 41;adipiscing@nequeseddictum.co.uk;Président;SOC HOTEL BRISTOL TOURISME
Mcclain;Conan;02 80 03 13 20;in.consectetuer.ipsum@felisegetvarius.net;Président;2 DEA
Cross;Aiko;02 46 14 65 89;ac@nibh.net;Président;3W ACADEMY
Frye;Keiko;09 27 68 01 82;libero.lacus@facilisis.org;Président;48 RUE MONTMARTRE SARL
Villarreal;Stella;01 20 30 75 79;mattis@Phasellusnulla.edu;Président;A LA BONNE MENAGERE
Le;Harriet;06 34 71 86 32;nascetur.ridiculus.mus@maurisaliquam.com;Président;ACADEMIE DE CHIRURGIE
Holcomb;Nicholas;02 95 33 81 96;facilisis.lorem.tristique@estNuncullamcorper.co.uk;Président;HOTEL MIRABEAU EIFFEL
Mcfarland;Wayne;07 91 54 80 73;eleifend@Suspendisse.ca;Président;SOC HOTEL CHAPLAIN
Rice;Travis;05 59 76 48 82;cursus@mollis.com;Président;2 HS CONSULTANTS
Shepherd;Martin;04 75 10 65 88;bibendum@eleifend.co.uk;Président;2 S COSMETIQUE
Day;Lillith;07 42 76 95 79;consectetuer.adipiscing@nislNulla.net;Président;3W COMPUTER
Camacho;Nina;02 70 74 43 48;feugiat.non@velvulputateeu.edu;Président;4 A INTERNATIONAL
